"","Domain","Sign","Phylum","Class","Order","Family","Genus","X1351_667"
"OTU539","Bacteria","Generalists","Actinobacteria","Actinobacteria","Propionibacteriales","Nocardioidaceae","Nocardioides","0.0001105216622458"
"OTU1133","Bacteria","Generalists","Actinobacteria","Thermoleophilia","Solirubrobacterales","Solirubrobacteraceae","Solirubrobacter","0.000994694960212202"
"OTU5","Bacteria","NS","Actinobacteria","Actinobacteria","Streptomycetales","Streptomycetaceae","Streptomyces","0.0444297082228117"
"OTU177","Bacteria","Generalists","Actinobacteria","Actinobacteria","Pseudonocardiales","Pseudonocardiaceae","Actinophytocola","0.001105216622458"
"OTU31","Bacteria","NS","Actinobacteria","Actinobacteria","Micromonosporales","Micromonosporaceae","uncl_Micromonosporaceae","0.0713969938107869"
"OTU71","Bacteria","Generalists","Proteobacteria","Deltaproteobacteria","Myxococcales","uncl_Myxococcales","uncl_Myxococcales","0.0018788682581786"
"OTU61","Bacteria","Generalists","Actinobacteria","Actinobacteria","Micromonosporales","Micromonosporaceae","Virgisporangium","0.001105216622458"
"OTU3","Bacteria","Specialists","Actinobacteria","Actinobacteria","Pseudonocardiales","Pseudonocardiaceae","uncl_Pseudonocardiaceae","0.169761273209549"
"OTU4781","Bacteria","Generalists","Acidobacteria","Acidobacteria_Gp6","uncl_Acidobacteria_Gp6","uncl_Acidobacteria_Gp6","uncl_Acidobacteria_Gp6","0.000331564986737401"
"OTU49","Bacteria","Generalists","Actinobacteria","Actinobacteria","Mycobacteriales","Mycobacteriaceae","Mycobacterium","0.00486295313881521"
"OTU3092","Bacteria","NS","Candidatus_Saccharibacteria","uncl_Candidatus_Saccharibacteria","uncl_Candidatus_Saccharibacteria","uncl_Candidatus_Saccharibacteria","Saccharibacteria_genera_incertae_sedis","0.000442086648983201"
"OTU43","Bacteria","Specialists","Actinobacteria","Actinobacteria","Pseudonocardiales","Pseudonocardiaceae","Pseudonocardia","0.0106100795755968"
"OTU224","Bacteria","Generalists","Proteobacteria","Alphaproteobacteria","Rhizobiales","Devosiaceae","Devosia","0.000442086648983201"
"OTU138","Bacteria","NS","Bacteroidetes","Cytophagia","Cytophagales","Fulvivirgaceae","Chryseolinea","0.00453138815207781"
"OTU904","Bacteria","Generalists","Bacteroidetes","Chitinophagia","Chitinophagales","Chitinophagaceae","Flavitalea","0.0001105216622458"
"OTU77","Bacteria","Generalists","Actinobacteria","Actinobacteria","Propionibacteriales","Nocardioidaceae","Aeromicrobium","0.001105216622458"
"OTU29389","Bacteria","Specialists","Actinobacteria","Actinobacteria","Pseudonocardiales","Pseudonocardiaceae","uncl_Pseudonocardiaceae","0.00408930150309461"
"OTU614","Bacteria","Specialists","Actinobacteria","Actinobacteria","Propionibacteriales","Nocardioidaceae","Nocardioides","0.0001105216622458"
"OTU83440","Bacteria","Generalists","Proteobacteria","Alphaproteobacteria","Rhizobiales","Devosiaceae","Devosia","0.000773651635720601"
"OTU2301","Bacteria","Generalists","Actinobacteria","Thermoleophilia","Solirubrobacterales","uncl_Solirubrobacterales","uncl_Solirubrobacterales","0.0001105216622458"
"OTU8308","Bacteria","Generalists","Proteobacteria","Alphaproteobacteria","Sphingomonadales","Erythrobacteraceae","Altererythrobacter","0.0001105216622458"
"OTU94","Bacteria","Generalists","Proteobacteria","Alphaproteobacteria","Rhizobiales","uncl_Rhizobiales","uncl_Rhizobiales","0.00309460654288241"
"OTU13","Bacteria","Specialists","Proteobacteria","Alphaproteobacteria","Rhizobiales","uncl_Rhizobiales","uncl_Rhizobiales","0.000552608311229001"
"OTU62369","Bacteria","Generalists","Proteobacteria","Alphaproteobacteria","Rhizobiales","Hyphomicrobiaceae","Hyphomicrobium","0.0001105216622458"
"OTU46","Bacteria","Generalists","Actinobacteria","Actinobacteria","Micrococcales","Microbacteriaceae","uncl_Microbacteriaceae","0.0020999115826702"
"OTU53","Bacteria","Generalists","Proteobacteria","Betaproteobacteria","Burkholderiales","Comamonadaceae","uncl_Comamonadaceae","0.00408930150309461"
"OTU164","Bacteria","NS","Proteobacteria","Deltaproteobacteria","Myxococcales","uncl_Myxococcales","uncl_Myxococcales","0.0002210433244916"
"OTU395","Bacteria","Specialists","Proteobacteria","Deltaproteobacteria","Myxococcales","uncl_Myxococcales","uncl_Myxococcales","0.0001105216622458"
"OTU116","Bacteria","Generalists","Bacteroidetes","Chitinophagia","Chitinophagales","Chitinophagaceae","Terrimonas","0.0001105216622458"
"OTU189","Bacteria","Generalists","Proteobacteria","Gammaproteobacteria","uncl_Gammaproteobacteria","uncl_Gammaproteobacteria","uncl_Gammaproteobacteria","0.000442086648983201"
"OTU12","Bacteria","Specialists","Proteobacteria","Gammaproteobacteria","Nevskiales","Steroidobacteraceae","Steroidobacter","0.0140362511052166"
"OTU321","Bacteria","Generalists","Proteobacteria","Alphaproteobacteria","Rhizobiales","uncl_Rhizobiales","uncl_Rhizobiales","0.0001105216622458"
"OTU623","Bacteria","Generalists","Proteobacteria","Gammaproteobacteria","Gammaproteobacteria_incertae_sedis","uncl_Gammaproteobacteria_incertae_sedis","Acidibacter","0.000773651635720601"
"OTU451","Bacteria","Generalists","Proteobacteria","Betaproteobacteria","Burkholderiales","uncl_Burkholderiales","uncl_Burkholderiales","0.000331564986737401"
"OTU36547","Bacteria","Generalists","Proteobacteria","Alphaproteobacteria","Caulobacterales","Caulobacteraceae","Phenylobacterium","0.001105216622458"
"OTU586","Bacteria","Generalists","Proteobacteria","Alphaproteobacteria","Rhizobiales","uncl_Rhizobiales","uncl_Rhizobiales","0.000773651635720601"
"OTU552","Bacteria","Generalists","Actinobacteria","Actinobacteria","Geodermatophilales","Geodermatophilaceae","Blastococcus","0.0002210433244916"
"OTU79","Bacteria","NS","Proteobacteria","Alphaproteobacteria","Rhizobiales","Phyllobacteriaceae","Phyllobacterium","0.00342617152961981"
"OTU28","Bacteria","Generalists","Actinobacteria","Actinobacteria","Kineosporiales","Kineosporiaceae","uncl_Kineosporiaceae","0.0019893899204244"
"OTU553","Bacteria","Generalists","Acidobacteria","Acidobacteria_Gp6","uncl_Acidobacteria_Gp6","uncl_Acidobacteria_Gp6","Gp6","0.0001105216622458"
"OTU76","Bacteria","Generalists","Proteobacteria","Gammaproteobacteria","Gammaproteobacteria_incertae_sedis","uncl_Gammaproteobacteria_incertae_sedis","Acidibacter","0.001105216622458"
"OTU683","Bacteria","Generalists","Actinobacteria","Thermoleophilia","Solirubrobacterales","uncl_Solirubrobacterales","uncl_Solirubrobacterales","0.000552608311229001"
"OTU124","Bacteria","Generalists","Actinobacteria","Acidimicrobiia","Acidimicrobiales","Iamiaceae","Iamia","0.000331564986737401"
"OTU252","Bacteria","Generalists","Proteobacteria","Betaproteobacteria","Burkholderiales","Oxalobacteraceae","Massilia","0.0111626878868258"
"OTU1691","Bacteria","Generalists","Actinobacteria","Actinobacteria","Pseudonocardiales","Pseudonocardiaceae","Pseudonocardia","0.000331564986737401"
"OTU25369","Bacteria","Generalists","Proteobacteria","Alphaproteobacteria","Sphingomonadales","Sphingomonadaceae","Sphingomonas","0.00320512820512821"
"OTU88016","Bacteria","Specialists","Candidatus_Saccharibacteria","uncl_Candidatus_Saccharibacteria","uncl_Candidatus_Saccharibacteria","uncl_Candidatus_Saccharibacteria","Saccharibacteria_genera_incertae_sedis","0.0002210433244916"
"OTU573","Bacteria","Generalists","Actinobacteria","uncl_Actinobacteria","uncl_Actinobacteria","uncl_Actinobacteria","uncl_Actinobacteria","0.0002210433244916"
"OTU54","Bacteria","NS","Proteobacteria","Alphaproteobacteria","Sphingomonadales","Erythrobacteraceae","uncl_Erythrobacteraceae","0.00839964633068081"
"OTU1953","Bacteria","Generalists","Proteobacteria","Alphaproteobacteria","Caulobacterales","Caulobacteraceae","Phenylobacterium","0.0001105216622458"
"OTU296","Bacteria","Generalists","Actinobacteria","Rubrobacteria","Rubrobacterales","Rubrobacteraceae","Rubrobacter","0.000331564986737401"
"OTU56102","Bacteria","Generalists","Actinobacteria","Actinobacteria","Micrococcales","Microbacteriaceae","Microbacterium","0.000331564986737401"
"OTU183","Bacteria","Generalists","Proteobacteria","Gammaproteobacteria","uncl_Gammaproteobacteria","uncl_Gammaproteobacteria","uncl_Gammaproteobacteria","0.000884173297966401"
"OTU10","Bacteria","NS","Proteobacteria","Alphaproteobacteria","Sphingomonadales","Sphingomonadaceae","Sphingomonas","0.0181255526083112"
"OTU180","Bacteria","Generalists","Actinobacteria","Actinobacteria","Streptosporangiales","Thermomonosporaceae","Actinomadura","0.0017683465959328"
"OTU56182","Bacteria","Generalists","Actinobacteria","Actinobacteria","Streptomycetales","Streptomycetaceae","Streptomyces","0.000331564986737401"
"OTU108","Bacteria","Generalists","Acidobacteria","Acidobacteria_Gp16","uncl_Acidobacteria_Gp16","uncl_Acidobacteria_Gp16","Gp16","0.0001105216622458"
"OTU21","Bacteria","NS","Proteobacteria","Alphaproteobacteria","Rhizobiales","Rhizobiaceae","uncl_Rhizobiaceae","0.0358090185676393"
"OTU41","Bacteria","Generalists","Proteobacteria","Alphaproteobacteria","Rhizobiales","Devosiaceae","Devosia","0.00541556145004421"
"OTU29992","Bacteria","Specialists","Actinobacteria","Actinobacteria","Pseudonocardiales","Pseudonocardiaceae","uncl_Pseudonocardiaceae","0.0015473032714412"
"OTU37","Bacteria","Generalists","Proteobacteria","Alphaproteobacteria","Rhizobiales","Phyllobacteriaceae","Mesorhizobium","0.0002210433244916"
"OTU24","Bacteria","NS","Proteobacteria","Alphaproteobacteria","Rhizobiales","Methylobacteriaceae","Microvirga","0.0359195402298851"
"OTU137","Bacteria","Generalists","Proteobacteria","Betaproteobacteria","Burkholderiales","Comamonadaceae","uncl_Comamonadaceae","0.000331564986737401"
"OTU2577","Bacteria","NS","Candidatus_Saccharibacteria","uncl_Candidatus_Saccharibacteria","uncl_Candidatus_Saccharibacteria","uncl_Candidatus_Saccharibacteria","Saccharibacteria_genera_incertae_sedis","0.0018788682581786"
"OTU178","Bacteria","Generalists","Proteobacteria","Gammaproteobacteria","Xanthomonadales","uncl_Xanthomonadales","uncl_Xanthomonadales","0.000552608311229001"
"OTU498","Bacteria","Generalists","Bacteroidetes","Chitinophagia","Chitinophagales","Chitinophagaceae","uncl_Chitinophagaceae","0.000552608311229001"
"OTU209","Bacteria","Generalists","Actinobacteria","Actinobacteria","Pseudonocardiales","Pseudonocardiaceae","Pseudonocardia","0.002763041556145"
"OTU19494","Bacteria","Specialists","Actinobacteria","Actinobacteria","Streptomycetales","Streptomycetaceae","Streptomyces","0.0188992042440318"
"OTU845","Bacteria","Generalists","Proteobacteria","Deltaproteobacteria","Myxococcales","uncl_Myxococcales","uncl_Myxococcales","0.0002210433244916"
"OTU8318","Bacteria","Specialists","Bacteroidetes","Chitinophagia","Chitinophagales","Chitinophagaceae","uncl_Chitinophagaceae","0.0001105216622458"
"OTU88","Bacteria","Generalists","Acidobacteria","Acidobacteria_Gp6","uncl_Acidobacteria_Gp6","uncl_Acidobacteria_Gp6","Gp6","0.000442086648983201"
"OTU4","Bacteria","NS","Proteobacteria","Alphaproteobacteria","Rhizobiales","Bradyrhizobiaceae","Bradyrhizobium","0.0111626878868258"
"OTU486","Bacteria","Generalists","Proteobacteria","Alphaproteobacteria","Sphingomonadales","Sphingomonadaceae","uncl_Sphingomonadaceae","0.0002210433244916"
"OTU100090","Bacteria","Generalists","Acidobacteria","Vicinamibacteria","uncl_Vicinamibacteria","uncl_Vicinamibacteria","uncl_Vicinamibacteria","0.0013262599469496"
"OTU1009","Bacteria","Specialists","Proteobacteria","Deltaproteobacteria","Myxococcales","Kofleriaceae","Kofleria","0.0013262599469496"
"OTU724","Bacteria","Generalists","Proteobacteria","Deltaproteobacteria","Myxococcales","Cystobacteraceae","uncl_Cystobacteraceae","0.0001105216622458"
"OTU51","Bacteria","Generalists","Actinobacteria","Actinobacteria","Propionibacteriales","Kribbellaceae","Kribbella","0.00994694960212202"
"OTU6206","Bacteria","Generalists","Proteobacteria","Alphaproteobacteria","Rhizobiales","uncl_Rhizobiales","uncl_Rhizobiales","0.000331564986737401"
"OTU161","Bacteria","Generalists","Actinobacteria","Actinobacteria","Propionibacteriales","Nocardioidaceae","Nocardioides","0.000663129973474801"
"OTU256","Bacteria","Specialists","Actinobacteria","Actinobacteria","Propionibacteriales","Propionibacteriaceae","Microlunatus","0.0001105216622458"
"OTU15","Bacteria","Generalists","Actinobacteria","Actinobacteria","Micromonosporales","Micromonosporaceae","Dactylosporangium","0.000331564986737401"
"OTU316","Bacteria","Generalists","Actinobacteria","Actinobacteria","Micromonosporales","Micromonosporaceae","Virgisporangium","0.0017683465959328"
"OTU42","Bacteria","Specialists","Actinobacteria","Actinobacteria","Pseudonocardiales","Pseudonocardiaceae","Kibdelosporangium","0.00342617152961981"
"OTU30","Bacteria","Generalists","Proteobacteria","Alphaproteobacteria","Caulobacterales","Caulobacteraceae","Caulobacter","0.0002210433244916"
"OTU660","Bacteria","Generalists","Proteobacteria","Alphaproteobacteria","Rhizobiales","uncl_Rhizobiales","uncl_Rhizobiales","0.0002210433244916"
"OTU212","Bacteria","Generalists","Actinobacteria","Acidimicrobiia","Acidimicrobiales","Iamiaceae","Actinomarinicola","0.000442086648983201"
"OTU205","Bacteria","Generalists","Proteobacteria","Alphaproteobacteria","Rhizobiales","Hyphomicrobiaceae","uncl_Hyphomicrobiaceae","0.0002210433244916"
"OTU53725","Bacteria","Generalists","Actinobacteria","Actinobacteria","Micromonosporales","Micromonosporaceae","uncl_Micromonosporaceae","0.000773651635720601"
"OTU579","Bacteria","Generalists","Actinobacteria","Actinobacteria","Propionibacteriales","Nocardioidaceae","Nocardioides","0.000552608311229001"
"OTU633","Bacteria","Generalists","Actinobacteria","Actinobacteria","Micrococcales","Cellulomonadaceae","Cellulomonas","0.0001105216622458"
"OTU268","Bacteria","Generalists","Actinobacteria","uncl_Actinobacteria","uncl_Actinobacteria","uncl_Actinobacteria","uncl_Actinobacteria","0.0001105216622458"
"OTU67","Bacteria","Specialists","Actinobacteria","Actinobacteria","Streptosporangiales","Streptosporangiaceae","Nonomuraea","0.0001105216622458"
"OTU225","Bacteria","Generalists","Acidobacteria","Acidobacteria_Gp3","uncl_Acidobacteria_Gp3","uncl_Acidobacteria_Gp3","Gp3","0.0020999115826702"
"OTU211","Bacteria","Generalists","Actinobacteria","Thermoleophilia","Solirubrobacterales","Solirubrobacteraceae","Solirubrobacter","0.00508399646330681"
"OTU600","Bacteria","Generalists","Proteobacteria","Gammaproteobacteria","Nevskiales","Steroidobacteraceae","uncl_Steroidobacteraceae","0.0001105216622458"
"OTU737","Bacteria","Generalists","Bacteroidetes","Chitinophagia","Chitinophagales","Chitinophagaceae","uncl_Chitinophagaceae","0.000331564986737401"
"OTU9686","Bacteria","Specialists","Actinobacteria","Actinobacteria","Pseudonocardiales","Pseudonocardiaceae","Saccharothrix","0.0196728558797524"
"OTU3021","Bacteria","Generalists","Bacteroidetes","Chitinophagia","Chitinophagales","Chitinophagaceae","uncl_Chitinophagaceae","0.0001105216622458"
"OTU2025","Bacteria","NS","Actinobacteria","Actinobacteria","uncl_Actinobacteria","uncl_Actinobacteria","uncl_Actinobacteria","0.000442086648983201"
"OTU542","Bacteria","Generalists","Actinobacteria","Thermoleophilia","Solirubrobacterales","Parviterribacteraceae","uncl_Parviterribacteraceae","0.0017683465959328"
"OTU90705","Bacteria","NS","Proteobacteria","Deltaproteobacteria","Myxococcales","uncl_Myxococcales","uncl_Myxococcales","0.001105216622458"
"OTU410","Bacteria","Generalists","Proteobacteria","Alphaproteobacteria","Sphingomonadales","Sphingomonadaceae","Sphingomonas","0.000552608311229001"
"OTU1645","Bacteria","Specialists","Bacteroidetes","Sphingobacteriia","Sphingobacteriales","Sphingobacteriaceae","Pedobacter","0.0001105216622458"
"OTU422","Bacteria","Generalists","Proteobacteria","Alphaproteobacteria","Rhizobiales","uncl_Rhizobiales","uncl_Rhizobiales","0.0001105216622458"
"OTU8","Bacteria","Specialists","Actinobacteria","Actinobacteria","Pseudonocardiales","Pseudonocardiaceae","Amycolatopsis","0.0751547303271441"
"OTU68","Bacteria","Generalists","Actinobacteria","Acidimicrobiia","Acidimicrobiales","uncl_Acidimicrobiales","uncl_Acidimicrobiales","0.00342617152961981"
"OTU229","Bacteria","Generalists","Proteobacteria","Gammaproteobacteria","Gammaproteobacteria_incertae_sedis","uncl_Gammaproteobacteria_incertae_sedis","Acidibacter","0.00696286472148541"
"OTU445","Bacteria","Generalists","Actinobacteria","Actinobacteria","Mycobacteriales","Mycobacteriaceae","Mycobacterium","0.000331564986737401"
"OTU612","Bacteria","Generalists","Proteobacteria","Deltaproteobacteria","Myxococcales","uncl_Myxococcales","uncl_Myxococcales","0.0002210433244916"
"OTU1452","Bacteria","Generalists","Acidobacteria","Acidobacteria_Gp6","uncl_Acidobacteria_Gp6","uncl_Acidobacteria_Gp6","Gp6","0.000552608311229001"
"OTU278","Bacteria","Generalists","Bacteroidetes","Chitinophagia","Chitinophagales","Chitinophagaceae","Flavitalea","0.0001105216622458"
"OTU34","Bacteria","Generalists","Proteobacteria","Alphaproteobacteria","Sphingomonadales","Sphingomonadaceae","Sphingomonas","0.0024314765694076"
"OTU1258","Bacteria","Generalists","Proteobacteria","Betaproteobacteria","uncl_Betaproteobacteria","uncl_Betaproteobacteria","uncl_Betaproteobacteria","0.0001105216622458"
"OTU131","Bacteria","Generalists","Acidobacteria","Blastocatellia","Blastocatellales","Blastocatellaceae","Aridibacter","0.000773651635720601"
"OTU501","Bacteria","Specialists","Acidobacteria","Acidobacteria_Gp6","uncl_Acidobacteria_Gp6","uncl_Acidobacteria_Gp6","Gp6","0.000331564986737401"
"OTU1246","Bacteria","Generalists","Proteobacteria","Gammaproteobacteria","Xanthomonadales","Rhodanobacteraceae","uncl_Rhodanobacteraceae","0.000663129973474801"
"OTU606","Bacteria","Generalists","Acidobacteria","Acidobacteria_Gp10","uncl_Acidobacteria_Gp10","uncl_Acidobacteria_Gp10","Gp10","0.000773651635720601"
"OTU4888","Bacteria","Generalists","Acidobacteria","Acidobacteria_Gp16","uncl_Acidobacteria_Gp16","uncl_Acidobacteria_Gp16","Gp16","0.0001105216622458"
"OTU540","Bacteria","Generalists","Proteobacteria","Alphaproteobacteria","Sphingomonadales","Erythrobacteraceae","uncl_Erythrobacteraceae","0.0001105216622458"
"OTU55","Bacteria","Specialists","Candidatus_Saccharibacteria","uncl_Candidatus_Saccharibacteria","uncl_Candidatus_Saccharibacteria","uncl_Candidatus_Saccharibacteria","Saccharibacteria_genera_incertae_sedis","0.013815207780725"
"OTU154","Bacteria","Generalists","Proteobacteria","Alphaproteobacteria","Rhizobiales","Bradyrhizobiaceae","uncl_Bradyrhizobiaceae","0.000884173297966401"
"OTU7","Bacteria","Specialists","Proteobacteria","Alphaproteobacteria","Rhizobiales","Rhizobiaceae","Rhizobium","0.000994694960212202"
"OTU202","Bacteria","Generalists","Proteobacteria","Alphaproteobacteria","Rhizobiales","Bradyrhizobiaceae","Pseudorhodoplanes","0.000552608311229001"
"OTU25207","Bacteria","NS","Proteobacteria","Alphaproteobacteria","Sphingomonadales","Sphingomonadaceae","Sphingomonas","0.00419982316534041"
"OTU1245","Bacteria","Generalists","Actinobacteria","uncl_Actinobacteria","uncl_Actinobacteria","uncl_Actinobacteria","uncl_Actinobacteria","0.000442086648983201"
"OTU27199","Bacteria","NS","candidate_division_WPS-1","uncl_candidate_division_WPS-1","uncl_candidate_division_WPS-1","uncl_candidate_division_WPS-1","WPS-1_genera_incertae_sedis","0.0001105216622458"
"OTU317","Bacteria","Generalists","Actinobacteria","Actinobacteria","Propionibacteriales","Nocardioidaceae","Nocardioides","0.000331564986737401"
"OTU1231","Bacteria","Generalists","Bacteroidetes","Chitinophagia","Chitinophagales","Chitinophagaceae","uncl_Chitinophagaceae","0.000663129973474801"
"OTU1852","Bacteria","Generalists","Proteobacteria","uncl_Proteobacteria","uncl_Proteobacteria","uncl_Proteobacteria","uncl_Proteobacteria","0.0002210433244916"
"OTU37060","Bacteria","Generalists","Proteobacteria","Alphaproteobacteria","Rhizobiales","Rhizobiaceae","uncl_Rhizobiaceae","0.00884173297966401"
"OTU761","Bacteria","Generalists","Proteobacteria","Alphaproteobacteria","Sphingomonadales","Sphingosinicellaceae","Sphingoaurantiacus","0.000552608311229001"
"OTU868","Bacteria","Generalists","Actinobacteria","Acidimicrobiia","Acidimicrobiales","uncl_Acidimicrobiales","uncl_Acidimicrobiales","0.000331564986737401"
"OTU78","Bacteria","Specialists","Proteobacteria","Deltaproteobacteria","Myxococcales","uncl_Myxococcales","uncl_Myxococcales","0.0002210433244916"
"OTU4682","Bacteria","Generalists","Actinobacteria","Acidimicrobiia","Acidimicrobiales","uncl_Acidimicrobiales","uncl_Acidimicrobiales","0.0001105216622458"
"OTU421","Bacteria","Generalists","Proteobacteria","Gammaproteobacteria","uncl_Gammaproteobacteria","uncl_Gammaproteobacteria","uncl_Gammaproteobacteria","0.0001105216622458"
"OTU574","Bacteria","Generalists","Proteobacteria","Betaproteobacteria","Burkholderiales","uncl_Burkholderiales","uncl_Burkholderiales","0.0018788682581786"
"OTU908","Bacteria","Generalists","Bacteroidetes","Cytophagia","Cytophagales","Fulvivirgaceae","Ohtaekwangia","0.0001105216622458"
"OTU51924","Bacteria","Generalists","Actinobacteria","Actinobacteria","Micromonosporales","Micromonosporaceae","uncl_Micromonosporaceae","0.0001105216622458"
"OTU8598","Bacteria","Specialists","Bacteroidetes","Cytophagia","Cytophagales","Cytophagaceae","Dyadobacter","0.0001105216622458"
"OTU13173","Bacteria","Generalists","Acidobacteria","Acidobacteria_Gp6","uncl_Acidobacteria_Gp6","uncl_Acidobacteria_Gp6","Gp6","0.0002210433244916"
"OTU36","Bacteria","Generalists","Proteobacteria","Gammaproteobacteria","Gammaproteobacteria_incertae_sedis","uncl_Gammaproteobacteria_incertae_sedis","Acidibacter","0.000884173297966401"
"OTU179","Bacteria","Generalists","Actinobacteria","uncl_Actinobacteria","uncl_Actinobacteria","uncl_Actinobacteria","uncl_Actinobacteria","0.0002210433244916"
"OTU2620","Bacteria","Generalists","Candidatus_Saccharibacteria","uncl_Candidatus_Saccharibacteria","uncl_Candidatus_Saccharibacteria","uncl_Candidatus_Saccharibacteria","Saccharibacteria_genera_incertae_sedis","0.0012157382847038"
"OTU148","Bacteria","Specialists","Bacteroidetes","Chitinophagia","Chitinophagales","Chitinophagaceae","Chitinophaga","0.00431034482758621"
"OTU384","Bacteria","Generalists","Bacteroidetes","Sphingobacteriia","Sphingobacteriales","Sphingobacteriaceae","Mucilaginibacter","0.000773651635720601"
"OTU3433","Bacteria","Specialists","Acidobacteria","Blastocatellia","Blastocatellales","Blastocatellaceae","uncl_Blastocatellaceae","0.0001105216622458"
"OTU51482","Bacteria","NS","Actinobacteria","Actinobacteria","Pseudonocardiales","Pseudonocardiaceae","Actinophytocola","0.00475243147656941"
"OTU1271","Bacteria","Generalists","Proteobacteria","Betaproteobacteria","uncl_Betaproteobacteria","uncl_Betaproteobacteria","uncl_Betaproteobacteria","0.0001105216622458"
"OTU716","Bacteria","Generalists","Acidobacteria","Acidobacteria_Gp6","uncl_Acidobacteria_Gp6","uncl_Acidobacteria_Gp6","Gp6","0.0002210433244916"
"OTU23","Bacteria","Generalists","Proteobacteria","Alphaproteobacteria","Rhizobiales","Bradyrhizobiaceae","uncl_Bradyrhizobiaceae","0.000884173297966401"
"OTU67528","Bacteria","Generalists","Proteobacteria","Alphaproteobacteria","Rhizobiales","uncl_Rhizobiales","uncl_Rhizobiales","0.000663129973474801"
"OTU83","Bacteria","Generalists","Proteobacteria","Alphaproteobacteria","Rhizobiales","Boseaceae","Bosea","0.0001105216622458"
"OTU5749","Bacteria","Generalists","Proteobacteria","Betaproteobacteria","Burkholderiales","Comamonadaceae","uncl_Comamonadaceae","0.0014367816091954"
"OTU1261","Bacteria","Generalists","Proteobacteria","Alphaproteobacteria","Rhizobiales","Phreatobacteraceae","Phreatobacter","0.0002210433244916"
"OTU21794","Bacteria","Specialists","Actinobacteria","Thermoleophilia","Solirubrobacterales","Conexibacteraceae","Conexibacter","0.000884173297966401"
"OTU230","Bacteria","Generalists","Acidobacteria","Blastocatellia","Blastocatellales","Arenimicrobiaceae","Arenimicrobium","0.0023209549071618"
"OTU92","Bacteria","Generalists","Acidobacteria","Vicinamibacteria","Vicinamibacterales","Vicinamibacteraceae","uncl_Vicinamibacteraceae","0.0024314765694076"
"OTU5166","Bacteria","Generalists","Proteobacteria","Betaproteobacteria","Burkholderiales","Oxalobacteraceae","Massilia","0.0002210433244916"
"OTU29705","Bacteria","Specialists","Actinobacteria","Actinobacteria","Pseudonocardiales","Pseudonocardiaceae","Actinophytocola","0.000331564986737401"
"OTU184","Bacteria","Generalists","Proteobacteria","Alphaproteobacteria","Caulobacterales","Caulobacteraceae","uncl_Caulobacteraceae","0.000442086648983201"
"OTU57515","Bacteria","Generalists","Proteobacteria","Alphaproteobacteria","Sphingomonadales","Sphingomonadaceae","uncl_Sphingomonadaceae","0.00320512820512821"
"OTU978","Bacteria","NS","Gemmatimonadetes","Gemmatimonadetes","Gemmatimonadales","Gemmatimonadaceae","uncl_Gemmatimonadaceae","0.000663129973474801"
"OTU3150","Bacteria","Generalists","Acidobacteria","Acidobacteria_Gp16","uncl_Acidobacteria_Gp16","uncl_Acidobacteria_Gp16","Gp16","0.000331564986737401"
"OTU376","Bacteria","Generalists","Actinobacteria","Actinobacteria","Propionibacteriales","Nocardioidaceae","Marmoricola","0.000442086648983201"
"OTU35","Bacteria","Specialists","Actinobacteria","Actinobacteria","Pseudonocardiales","Pseudonocardiaceae","Actinophytocola","0.00674182139699381"
"OTU4988","Bacteria","Generalists","Actinobacteria","Actinobacteria","Propionibacteriales","Propionibacteriaceae","Microlunatus","0.0002210433244916"
"OTU284","Bacteria","NS","Proteobacteria","Alphaproteobacteria","Rhizobiales","Methylobacteriaceae","uncl_Methylobacteriaceae","0.000994694960212202"
"OTU371","Bacteria","Generalists","Bacteroidetes","Chitinophagia","Chitinophagales","Chitinophagaceae","uncl_Chitinophagaceae","0.0019893899204244"
"OTU11373","Bacteria","Generalists","Actinobacteria","Actinobacteria","Streptomycetales","Streptomycetaceae","Streptomyces","0.000442086648983201"
"OTU172","Bacteria","NS","Actinobacteria","Actinobacteria","Micrococcales","Microbacteriaceae","Agromyces","0.0001105216622458"
"OTU1697","Bacteria","Generalists","Proteobacteria","Deltaproteobacteria","Myxococcales","Polyangiaceae","uncl_Polyangiaceae","0.000331564986737401"
"OTU81","Bacteria","Generalists","Actinobacteria","Thermoleophilia","Gaiellales","Gaiellaceae","Gaiella","0.000331564986737401"
"OTU544","Bacteria","Generalists","Actinobacteria","Thermoleophilia","Solirubrobacterales","uncl_Solirubrobacterales","uncl_Solirubrobacterales","0.0001105216622458"
"OTU2819","Bacteria","Generalists","Planctomycetes","Planctomycetacia","uncl_Planctomycetacia","uncl_Planctomycetacia","uncl_Planctomycetacia","0.0001105216622458"
"OTU192","Bacteria","Generalists","Actinobacteria","Rubrobacteria","Rubrobacterales","Rubrobacteraceae","Rubrobacter","0.0001105216622458"
"OTU153","Bacteria","Generalists","Proteobacteria","Alphaproteobacteria","Rhizobiales","Xanthobacteraceae","Labrys","0.000663129973474801"
"OTU921","Bacteria","Generalists","Acidobacteria","Acidobacteria_Gp3","uncl_Acidobacteria_Gp3","uncl_Acidobacteria_Gp3","Gp3","0.0001105216622458"
"OTU15809","Bacteria","Generalists","Actinobacteria","Actinobacteria","Pseudonocardiales","Pseudonocardiaceae","Lentzea","0.0012157382847038"
"OTU1477","Bacteria","Generalists","Proteobacteria","Alphaproteobacteria","Caulobacterales","Caulobacteraceae","uncl_Caulobacteraceae","0.0001105216622458"
"OTU691","Bacteria","Generalists","Bacteroidetes","Sphingobacteriia","Sphingobacteriales","Sphingobacteriaceae","Mucilaginibacter","0.0002210433244916"
"OTU848","Bacteria","Generalists","Acidobacteria","Acidobacteria_Gp16","uncl_Acidobacteria_Gp16","uncl_Acidobacteria_Gp16","Gp16","0.0002210433244916"
"OTU1402","Bacteria","Generalists","Proteobacteria","Betaproteobacteria","Burkholderiales","Oxalobacteraceae","uncl_Oxalobacteraceae","0.0012157382847038"
"OTU87","Bacteria","Generalists","Actinobacteria","Actinobacteria","Micromonosporales","Micromonosporaceae","uncl_Micromonosporaceae","0.0013262599469496"
"OTU44","Bacteria","Generalists","Actinobacteria","Actinobacteria","Pseudonocardiales","Pseudonocardiaceae","Pseudonocardia","0.0001105216622458"
"OTU1216","Bacteria","Generalists","candidate_division_WPS-1","uncl_candidate_division_WPS-1","uncl_candidate_division_WPS-1","uncl_candidate_division_WPS-1","WPS-1_genera_incertae_sedis","0.000663129973474801"
"OTU3931","Bacteria","Generalists","Gemmatimonadetes","Gemmatimonadetes","Gemmatimonadales","Gemmatimonadaceae","Roseisolibacter","0.0001105216622458"
"OTU1782","Bacteria","Generalists","Actinobacteria","Thermoleophilia","uncl_Thermoleophilia","uncl_Thermoleophilia","uncl_Thermoleophilia","0.0001105216622458"
"OTU7334","Bacteria","NS","Actinobacteria","Actinobacteria","Geodermatophilales","Geodermatophilaceae","Modestobacter","0.0001105216622458"
"OTU750","Bacteria","Generalists","Proteobacteria","Alphaproteobacteria","Rhizobiales","Phyllobacteriaceae","Mesorhizobium","0.000884173297966401"
"OTU435","Bacteria","Generalists","Proteobacteria","Alphaproteobacteria","Rhizobiales","uncl_Rhizobiales","uncl_Rhizobiales","0.0012157382847038"
"OTU442","Bacteria","Generalists","Actinobacteria","Actinobacteria","Mycobacteriales","Mycobacteriaceae","Mycobacterium","0.000552608311229001"
"OTU49620","Bacteria","Generalists","Proteobacteria","Gammaproteobacteria","Gammaproteobacteria_incertae_sedis","uncl_Gammaproteobacteria_incertae_sedis","Acidibacter","0.0001105216622458"
"OTU1050","Bacteria","Generalists","Candidatus_Saccharibacteria","uncl_Candidatus_Saccharibacteria","uncl_Candidatus_Saccharibacteria","uncl_Candidatus_Saccharibacteria","Saccharibacteria_genera_incertae_sedis","0.0002210433244916"
"OTU19479","Bacteria","Generalists","Proteobacteria","Alphaproteobacteria","Rhizobiales","Methylobacteriaceae","Microvirga","0.000552608311229001"
"OTU8191","Bacteria","Generalists","Proteobacteria","Alphaproteobacteria","Rhizobiales","uncl_Rhizobiales","uncl_Rhizobiales","0.000442086648983201"
"OTU97829","Bacteria","Generalists","Proteobacteria","Gammaproteobacteria","Nevskiales","Steroidobacteraceae","uncl_Steroidobacteraceae","0.000663129973474801"
"OTU1711","Bacteria","Specialists","Actinobacteria","Actinobacteria","uncl_Actinobacteria","uncl_Actinobacteria","uncl_Actinobacteria","0.0001105216622458"
"OTU1995","Bacteria","Generalists","Acidobacteria","Acidobacteria_Gp6","uncl_Acidobacteria_Gp6","uncl_Acidobacteria_Gp6","Gp6","0.0001105216622458"
"OTU28925","Bacteria","Generalists","Actinobacteria","Thermoleophilia","Solirubrobacterales","uncl_Solirubrobacterales","uncl_Solirubrobacterales","0.000331564986737401"
"OTU253","Bacteria","Generalists","Bacteroidetes","Cytophagia","Cytophagales","Fulvivirgaceae","uncl_Fulvivirgaceae","0.000552608311229001"
"OTU399","Bacteria","Generalists","Proteobacteria","Deltaproteobacteria","Myxococcales","Polyangiaceae","uncl_Polyangiaceae","0.000331564986737401"
"OTU72","Bacteria","Generalists","Proteobacteria","Deltaproteobacteria","Myxococcales","Polyangiaceae","uncl_Polyangiaceae","0.0211096374889478"
"OTU289","Bacteria","Generalists","Acidobacteria","Blastocatellia","Blastocatellales","Blastocatellaceae","uncl_Blastocatellaceae","0.000331564986737401"
"OTU2532","Bacteria","Generalists","Actinobacteria","Actinobacteria","Geodermatophilales","Geodermatophilaceae","Geodermatophilus","0.0001105216622458"
"OTU1039","Bacteria","Generalists","Proteobacteria","Alphaproteobacteria","Rhodospirillales","Geminicoccaceae","uncl_Geminicoccaceae","0.0001105216622458"
"OTU356","Bacteria","Generalists","Proteobacteria","Alphaproteobacteria","Caulobacterales","Caulobacteraceae","uncl_Caulobacteraceae","0.0002210433244916"
"OTU155","Bacteria","Generalists","Bacteroidetes","Cytophagia","uncl_Cytophagia","uncl_Cytophagia","uncl_Cytophagia","0.0019893899204244"
"OTU2634","Bacteria","Specialists","Acidobacteria","Acidobacteria_Gp6","uncl_Acidobacteria_Gp6","uncl_Acidobacteria_Gp6","Gp6","0.0001105216622458"
"OTU130","Bacteria","Generalists","Actinobacteria","Actinobacteria","Streptosporangiales","Streptosporangiaceae","Nonomuraea","0.0001105216622458"
"OTU991","Bacteria","Generalists","Planctomycetes","Planctomycetacia","Planctomycetales","Gemmataceae","Fimbriiglobus","0.0002210433244916"
"OTU462","Bacteria","Generalists","Actinobacteria","Actinobacteria","Propionibacteriales","Nocardioidaceae","Nocardioides","0.0024314765694076"
"OTU118","Bacteria","NS","Proteobacteria","Alphaproteobacteria","Rhizobiales","uncl_Rhizobiales","uncl_Rhizobiales","0.0014367816091954"
"OTU56","Bacteria","NS","Bacteroidetes","Cytophagia","Cytophagales","Cytophagaceae","Dyadobacter","0.000663129973474801"
"OTU1177","Bacteria","Generalists","Acidobacteria","Acidobacteria_Gp4","uncl_Acidobacteria_Gp4","uncl_Acidobacteria_Gp4","uncl_Acidobacteria_Gp4","0.000331564986737401"
"OTU14","Bacteria","NS","Proteobacteria","Alphaproteobacteria","Rhodospirillales","Rhodospirillaceae","uncl_Rhodospirillaceae","0.0013262599469496"
"OTU695","Bacteria","Generalists","Bacteroidetes","Chitinophagia","Chitinophagales","Chitinophagaceae","uncl_Chitinophagaceae","0.0001105216622458"
"OTU449","Bacteria","Generalists","Proteobacteria","Deltaproteobacteria","Myxococcales","uncl_Myxococcales","uncl_Myxococcales","0.0002210433244916"
"OTU69171","Bacteria","Generalists","Actinobacteria","Actinobacteria","Propionibacteriales","Kribbellaceae","Kribbella","0.0002210433244916"
"OTU535","Bacteria","Generalists","Actinobacteria","Actinobacteria","uncl_Actinobacteria","uncl_Actinobacteria","uncl_Actinobacteria","0.000994694960212202"
"OTU4568","Bacteria","Generalists","Bacteroidetes","Chitinophagia","Chitinophagales","Chitinophagaceae","uncl_Chitinophagaceae","0.0001105216622458"
"OTU389","Bacteria","Generalists","Proteobacteria","Betaproteobacteria","Burkholderiales","Comamonadaceae","Ramlibacter","0.00397877984084881"
"OTU112","Bacteria","Generalists","Bacteroidetes","Chitinophagia","Chitinophagales","Chitinophagaceae","uncl_Chitinophagaceae","0.0145888594164456"
"OTU63","Bacteria","Generalists","Proteobacteria","Alphaproteobacteria","Rhizobiales","Methylobacteriaceae","Methylobacterium","0.000663129973474801"
"OTU25570","Bacteria","Generalists","Actinobacteria","Actinobacteria","Mycobacteriales","Mycobacteriaceae","Mycobacterium","0.000442086648983201"
"OTU725","Bacteria","NS","Actinobacteria","Actinobacteria","Pseudonocardiales","Pseudonocardiaceae","Amycolatopsis","0.00320512820512821"
"OTU1319","Bacteria","NS","Bacteroidetes","Cytophagia","Cytophagales","Fulvivirgaceae","Ohtaekwangia","0.000994694960212202"
"OTU144","Bacteria","Generalists","Proteobacteria","Gammaproteobacteria","Nevskiales","Steroidobacteraceae","Povalibacter","0.000552608311229001"
"OTU361","Bacteria","Generalists","Actinobacteria","Rubrobacteria","Rubrobacterales","Rubrobacteraceae","Rubrobacter","0.0001105216622458"
"OTU45500","Bacteria","Generalists","Bacteroidetes","Chitinophagia","Chitinophagales","Chitinophagaceae","uncl_Chitinophagaceae","0.000331564986737401"
"OTU2259","Bacteria","NS","Proteobacteria","Deltaproteobacteria","Myxococcales","Polyangiaceae","uncl_Polyangiaceae","0.0018788682581786"
"OTU96808","Bacteria","Generalists","Actinobacteria","Thermoleophilia","uncl_Thermoleophilia","uncl_Thermoleophilia","uncl_Thermoleophilia","0.0001105216622458"
"OTU397","Bacteria","Generalists","Bacteroidetes","Chitinophagia","Chitinophagales","Chitinophagaceae","uncl_Chitinophagaceae","0.0002210433244916"
"OTU2292","Bacteria","Generalists","Acidobacteria","Acidobacteria_Gp4","uncl_Acidobacteria_Gp4","uncl_Acidobacteria_Gp4","Gp4","0.0002210433244916"
"OTU1357","Bacteria","Generalists","Verrucomicrobia","Spartobacteria","uncl_Spartobacteria","uncl_Spartobacteria","Spartobacteria_genera_incertae_sedis","0.0002210433244916"
"OTU772","Bacteria","Specialists","Actinobacteria","Actinobacteria","Propionibacteriales","Nocardioidaceae","Nocardioides","0.000773651635720601"
"OTU203","Bacteria","Generalists","Proteobacteria","Alphaproteobacteria","Rhizobiales","Rhizobiaceae","Ensifer","0.0001105216622458"
"OTU21769","Bacteria","Generalists","Proteobacteria","Gammaproteobacteria","Nevskiales","Steroidobacteraceae","Steroidobacter","0.0001105216622458"
"OTU3614","Bacteria","Generalists","Verrucomicrobia","Subdivision3","uncl_Subdivision3","uncl_Subdivision3","Subdivision3_genera_incertae_sedis","0.000442086648983201"
"OTU91","Bacteria","Specialists","Bacteroidetes","Chitinophagia","Chitinophagales","Chitinophagaceae","uncl_Chitinophagaceae","0.00331564986737401"
"OTU193","Bacteria","Generalists","Actinobacteria","Actinobacteria","Mycobacteriales","Mycobacteriaceae","Mycobacterium","0.000663129973474801"
"OTU237","Bacteria","Generalists","Bacteroidetes","Cytophagia","Cytophagales","Fulvivirgaceae","uncl_Fulvivirgaceae","0.0023209549071618"
"OTU3466","Bacteria","Generalists","Acidobacteria","uncl_Acidobacteria","uncl_Acidobacteria","uncl_Acidobacteria","uncl_Acidobacteria","0.0002210433244916"
"OTU433","Bacteria","Specialists","Actinobacteria","Actinobacteria","Propionibacteriales","Propionibacteriaceae","Microlunatus","0.000442086648983201"
"OTU505","Bacteria","Generalists","Actinobacteria","Actinobacteria","Micromonosporales","Micromonosporaceae","uncl_Micromonosporaceae","0.0002210433244916"
"OTU89273","Bacteria","Specialists","Acidobacteria","Acidobacteria_Gp10","uncl_Acidobacteria_Gp10","uncl_Acidobacteria_Gp10","Gp10","0.0001105216622458"
"OTU4941","Bacteria","Generalists","Actinobacteria","Thermoleophilia","uncl_Thermoleophilia","uncl_Thermoleophilia","uncl_Thermoleophilia","0.000331564986737401"
"OTU1191","Bacteria","Generalists","Actinobacteria","Actinobacteria","Propionibacteriales","Nocardioidaceae","Nocardioides","0.0002210433244916"
"OTU9354","Bacteria","Generalists","Planctomycetes","Planctomycetacia","Planctomycetales","Isosphaeraceae","uncl_Isosphaeraceae","0.0001105216622458"
"OTU1315","Bacteria","Generalists","Proteobacteria","Alphaproteobacteria","Rhizobiales","uncl_Rhizobiales","uncl_Rhizobiales","0.000442086648983201"
"OTU1169","Bacteria","Generalists","Verrucomicrobia","Spartobacteria","uncl_Spartobacteria","uncl_Spartobacteria","Spartobacteria_genera_incertae_sedis","0.0001105216622458"
"OTU420","Bacteria","Generalists","Actinobacteria","Actinobacteria","Propionibacteriales","Nocardioidaceae","Nocardioides","0.000884173297966401"
"OTU7939","Bacteria","Generalists","Bacteroidetes","Chitinophagia","Chitinophagales","Chitinophagaceae","uncl_Chitinophagaceae","0.0001105216622458"
"OTU3602","Bacteria","NS","Bacteroidetes","Sphingobacteriia","Sphingobacteriales","Sphingobacteriaceae","Pedobacter","0.0002210433244916"
"OTU40","Bacteria","Specialists","Proteobacteria","Gammaproteobacteria","Pseudomonadales","Pseudomonadaceae","Pseudomonas","0.00397877984084881"
"OTU2974","Bacteria","Generalists","Proteobacteria","Alphaproteobacteria","Sphingomonadales","uncl_Sphingomonadales","uncl_Sphingomonadales","0.0002210433244916"
"OTU591","Bacteria","Generalists","Acidobacteria","Acidobacteria_Gp3","uncl_Acidobacteria_Gp3","uncl_Acidobacteria_Gp3","Gp3","0.000331564986737401"
"OTU797","Bacteria","Specialists","Proteobacteria","Alphaproteobacteria","Sphingomonadales","uncl_Sphingomonadales","uncl_Sphingomonadales","0.0001105216622458"
"OTU2585","Bacteria","Generalists","Planctomycetes","Planctomycetacia","Planctomycetales","Gemmataceae","uncl_Gemmataceae","0.0001105216622458"
"OTU2772","Bacteria","Generalists","Actinobacteria","Actinobacteria","uncl_Actinobacteria","uncl_Actinobacteria","uncl_Actinobacteria","0.0001105216622458"
"OTU67539","Bacteria","NS","Proteobacteria","Alphaproteobacteria","Rhizobiales","Methylobacteriaceae","uncl_Methylobacteriaceae","0.0002210433244916"
"OTU39","Bacteria","NS","Actinobacteria","Actinobacteria","Micromonosporales","Micromonosporaceae","Actinoplanes","0.000773651635720601"
"OTU46608","Bacteria","Generalists","Actinobacteria","Actinobacteria","Mycobacteriales","Mycobacteriaceae","Mycobacterium","0.000552608311229001"
"OTU6432","Bacteria","Generalists","Proteobacteria","Alphaproteobacteria","Rhodospirillales","Acetobacteraceae","uncl_Acetobacteraceae","0.0002210433244916"
"OTU655","Bacteria","Generalists","Actinobacteria","Actinobacteria","Streptosporangiales","Thermomonosporaceae","Actinocorallia","0.0001105216622458"
"OTU1755","Bacteria","Generalists","Bacteroidetes","Chitinophagia","Chitinophagales","Chitinophagaceae","uncl_Chitinophagaceae","0.0001105216622458"
"OTU8476","Bacteria","Generalists","Actinobacteria","Thermoleophilia","uncl_Thermoleophilia","uncl_Thermoleophilia","uncl_Thermoleophilia","0.0001105216622458"
"OTU2232","Bacteria","Generalists","Actinobacteria","Thermoleophilia","uncl_Thermoleophilia","uncl_Thermoleophilia","uncl_Thermoleophilia","0.0001105216622458"
"OTU629","Bacteria","Generalists","Proteobacteria","Deltaproteobacteria","Myxococcales","uncl_Myxococcales","uncl_Myxococcales","0.000994694960212202"
"OTU2191","Bacteria","Generalists","Actinobacteria","Actinobacteria","Geodermatophilales","Geodermatophilaceae","uncl_Geodermatophilaceae","0.0001105216622458"
"OTU259","Bacteria","Generalists","Proteobacteria","Alphaproteobacteria","Rhodospirillales","Azospirillaceae","Skermanella","0.0002210433244916"
"OTU2336","Bacteria","Generalists","Gemmatimonadetes","Gemmatimonadetes","Gemmatimonadales","Gemmatimonadaceae","uncl_Gemmatimonadaceae","0.000442086648983201"
"OTU11532","Bacteria","NS","Bacteroidetes","Chitinophagia","Chitinophagales","Chitinophagaceae","uncl_Chitinophagaceae","0.0001105216622458"
"OTU977","Bacteria","NS","Proteobacteria","Alphaproteobacteria","Rhizobiales","Devosiaceae","Devosia","0.000442086648983201"
"OTU756","Bacteria","Generalists","Bacteroidetes","Chitinophagia","Chitinophagales","Chitinophagaceae","uncl_Chitinophagaceae","0.0001105216622458"
"OTU437","Bacteria","Generalists","Actinobacteria","Actinobacteria","Micrococcales","Intrasporangiaceae","uncl_Intrasporangiaceae","0.000331564986737401"
"OTU1067","Bacteria","Generalists","Proteobacteria","Betaproteobacteria","Burkholderiales","Oxalobacteraceae","uncl_Oxalobacteraceae","0.000884173297966401"
"OTU233","Bacteria","Generalists","Proteobacteria","Alphaproteobacteria","Rhizobiales","uncl_Rhizobiales","uncl_Rhizobiales","0.0023209549071618"
"OTU309","Bacteria","Generalists","Verrucomicrobia","Opitutae","Opitutales","Opitutaceae","uncl_Opitutaceae","0.0013262599469496"
"OTU12617","Bacteria","Specialists","Gemmatimonadetes","Gemmatimonadetes","Gemmatimonadales","Gemmatimonadaceae","uncl_Gemmatimonadaceae","0.0001105216622458"
"OTU4090","Bacteria","Generalists","Planctomycetes","Planctomycetacia","Planctomycetales","Planctomycetaceae","uncl_Planctomycetaceae","0.0001105216622458"
"OTU24166","Bacteria","Generalists","Proteobacteria","Alphaproteobacteria","Rhodospirillales","Acetobacteraceae","uncl_Acetobacteraceae","0.0001105216622458"
"OTU773","Bacteria","Specialists","Verrucomicrobia","Spartobacteria","uncl_Spartobacteria","uncl_Spartobacteria","Spartobacteria_genera_incertae_sedis","0.000884173297966401"
"OTU91620","Bacteria","Generalists","Bacteroidetes","Chitinophagia","Chitinophagales","Chitinophagaceae","Terrimonas","0.0002210433244916"
"OTU497","Bacteria","Generalists","Actinobacteria","Actinobacteria","Frankiales","Frankiaceae","Jatrophihabitans","0.0001105216622458"
"OTU194","Bacteria","Generalists","Proteobacteria","Gammaproteobacteria","Nevskiales","Steroidobacteraceae","Steroidobacter","0.000331564986737401"
"OTU2069","Bacteria","Generalists","Proteobacteria","Deltaproteobacteria","Myxococcales","Polyangiaceae","uncl_Polyangiaceae","0.0001105216622458"
"OTU934","Bacteria","Generalists","Proteobacteria","Deltaproteobacteria","Myxococcales","Labilitrichaceae","uncl_Labilitrichaceae","0.0001105216622458"
"OTU55580","Bacteria","NS","Proteobacteria","Alphaproteobacteria","Rhizobiales","uncl_Rhizobiales","uncl_Rhizobiales","0.0002210433244916"
"OTU1263","Bacteria","Generalists","Actinobacteria","Thermoleophilia","uncl_Thermoleophilia","uncl_Thermoleophilia","uncl_Thermoleophilia","0.000884173297966401"
"OTU44962","Bacteria","Generalists","Actinobacteria","Actinobacteria","Micromonosporales","Micromonosporaceae","uncl_Micromonosporaceae","0.0001105216622458"
"OTU6659","Bacteria","Generalists","Actinobacteria","Thermoleophilia","Solirubrobacterales","uncl_Solirubrobacterales","uncl_Solirubrobacterales","0.0001105216622458"
"OTU3280","Bacteria","Generalists","Gemmatimonadetes","Gemmatimonadetes","Gemmatimonadales","Gemmatimonadaceae","uncl_Gemmatimonadaceae","0.0001105216622458"
"OTU280","Bacteria","Generalists","Actinobacteria","Actinobacteria","Pseudonocardiales","Pseudonocardiaceae","uncl_Pseudonocardiaceae","0.000331564986737401"
"OTU6112","Bacteria","Generalists","Proteobacteria","Deltaproteobacteria","Myxococcales","Nannocystaceae","Nannocystis","0.000442086648983201"
"OTU28632","Bacteria","Generalists","Proteobacteria","Alphaproteobacteria","Rhizobiales","Methylobacteriaceae","uncl_Methylobacteriaceae","0.0002210433244916"
"OTU2423","Bacteria","Generalists","Armatimonadetes","Armatimonadia","Armatimonadales","Armatimonadaceae","Armatimonas/Armatimonadetes_gp1","0.000331564986737401"
"OTU5666","Bacteria","NS","Proteobacteria","Gammaproteobacteria","Xanthomonadales","Xanthomonadaceae","Lysobacter","0.000442086648983201"
"OTU1518","Bacteria","NS","Bacteroidetes","Chitinophagia","Chitinophagales","Chitinophagaceae","uncl_Chitinophagaceae","0.0001105216622458"
"OTU56685","Bacteria","Generalists","Actinobacteria","Actinobacteria","Geodermatophilales","Geodermatophilaceae","Blastococcus","0.0002210433244916"
"OTU312","Bacteria","Specialists","Proteobacteria","Deltaproteobacteria","Myxococcales","Polyangiaceae","Sorangium","0.00519451812555261"
"OTU34967","Bacteria","NS","Actinobacteria","uncl_Actinobacteria","uncl_Actinobacteria","uncl_Actinobacteria","uncl_Actinobacteria","0.000552608311229001"
"OTU1599","Bacteria","Generalists","candidate_division_WPS-1","uncl_candidate_division_WPS-1","uncl_candidate_division_WPS-1","uncl_candidate_division_WPS-1","WPS-1_genera_incertae_sedis","0.0001105216622458"
"OTU127","Bacteria","NS","Firmicutes","Bacilli","Bacillales","Bacillaceae_1","Neobacillus","0.0001105216622458"
"OTU46604","Bacteria","Generalists","Proteobacteria","Betaproteobacteria","Burkholderiales","Comamonadaceae","uncl_Comamonadaceae","0.0001105216622458"
"OTU652","Bacteria","NS","Proteobacteria","Betaproteobacteria","Burkholderiales","Comamonadaceae","Rhizobacter","0.0001105216622458"
"OTU4223","Bacteria","NS","Proteobacteria","Deltaproteobacteria","Myxococcales","uncl_Myxococcales","uncl_Myxococcales","0.0001105216622458"
"OTU74","Bacteria","Generalists","Proteobacteria","Alphaproteobacteria","Rhizobiales","uncl_Rhizobiales","uncl_Rhizobiales","0.0001105216622458"
"OTU9","Bacteria","Specialists","Firmicutes","Bacilli","Bacillales","Bacillaceae_1","Peribacillus","0.0001105216622458"
"OTU896","Bacteria","Specialists","Actinobacteria","Thermoleophilia","Solirubrobacterales","Conexibacteraceae","Conexibacter","0.0001105216622458"
"OTU1400","Bacteria","Generalists","Actinobacteria","uncl_Actinobacteria","uncl_Actinobacteria","uncl_Actinobacteria","uncl_Actinobacteria","0.0001105216622458"
"OTU1195","Bacteria","Generalists","Actinobacteria","uncl_Actinobacteria","uncl_Actinobacteria","uncl_Actinobacteria","uncl_Actinobacteria","0.0001105216622458"
"OTU49925","Bacteria","NS","Actinobacteria","Thermoleophilia","Solirubrobacterales","uncl_Solirubrobacterales","uncl_Solirubrobacterales","0.0001105216622458"
"OTU1425","Bacteria","Specialists","Bacteroidetes","Chitinophagia","Chitinophagales","Chitinophagaceae","Segetibacter","0.000442086648983201"
"OTU1336","Bacteria","Generalists","candidate_division_WPS-1","uncl_candidate_division_WPS-1","uncl_candidate_division_WPS-1","uncl_candidate_division_WPS-1","WPS-1_genera_incertae_sedis","0.0001105216622458"
"OTU18348","Bacteria","NS","Proteobacteria","Alphaproteobacteria","Rhodobacterales","Rhodobacteraceae","Rubellimicrobium","0.0002210433244916"
"OTU999","Bacteria","Generalists","Acidobacteria","Acidobacteria_Gp3","uncl_Acidobacteria_Gp3","uncl_Acidobacteria_Gp3","Gp3","0.0001105216622458"
"OTU1859","Bacteria","Generalists","Proteobacteria","Deltaproteobacteria","Myxococcales","Polyangiaceae","uncl_Polyangiaceae","0.0001105216622458"
"OTU8780","Bacteria","Generalists","Actinobacteria","Actinobacteria","Micrococcales","Microbacteriaceae","uncl_Microbacteriaceae","0.0012157382847038"
"OTU834","Bacteria","Generalists","Actinobacteria","Actinobacteria","uncl_Actinobacteria","uncl_Actinobacteria","uncl_Actinobacteria","0.000884173297966401"
"OTU1058","Bacteria","Generalists","Actinobacteria","Actinobacteria","uncl_Actinobacteria","uncl_Actinobacteria","uncl_Actinobacteria","0.0001105216622458"
"OTU81498","Bacteria","Generalists","Proteobacteria","Deltaproteobacteria","Myxococcales","uncl_Myxococcales","uncl_Myxococcales","0.0001105216622458"
"OTU16864","Bacteria","NS","Actinobacteria","uncl_Actinobacteria","uncl_Actinobacteria","uncl_Actinobacteria","uncl_Actinobacteria","0.0001105216622458"
"OTU298","Bacteria","Generalists","Actinobacteria","Thermoleophilia","Solirubrobacterales","Baekduiaceae","Baekduia","0.0012157382847038"
"OTU206","Bacteria","Generalists","Proteobacteria","Deltaproteobacteria","Myxococcales","uncl_Myxococcales","uncl_Myxococcales","0.0001105216622458"
"OTU461","Bacteria","Generalists","Proteobacteria","Alphaproteobacteria","Rhodobacterales","Rhodobacteraceae","Rubellimicrobium","0.000773651635720601"
"OTU17915","Bacteria","Generalists","Actinobacteria","uncl_Actinobacteria","uncl_Actinobacteria","uncl_Actinobacteria","uncl_Actinobacteria","0.0001105216622458"
"OTU29034","Bacteria","NS","Bacteroidetes","Cytophagia","uncl_Cytophagia","uncl_Cytophagia","uncl_Cytophagia","0.0001105216622458"
"OTU1397","Bacteria","Generalists","Acidobacteria","Acidobacteria_Gp6","uncl_Acidobacteria_Gp6","uncl_Acidobacteria_Gp6","Gp6","0.0002210433244916"
"OTU1590","Bacteria","Generalists","Actinobacteria","Actinobacteria","uncl_Actinobacteria","uncl_Actinobacteria","uncl_Actinobacteria","0.0001105216622458"
"OTU286","Bacteria","Specialists","Bacteroidetes","Chitinophagia","Chitinophagales","Chitinophagaceae","uncl_Chitinophagaceae","0.00386825817860301"
"OTU1689","Bacteria","Generalists","Acidobacteria","Acidobacteria_Gp6","uncl_Acidobacteria_Gp6","uncl_Acidobacteria_Gp6","Gp6","0.0001105216622458"
"OTU12418","Bacteria","Generalists","Acidobacteria","Acidobacteria_Gp16","uncl_Acidobacteria_Gp16","uncl_Acidobacteria_Gp16","uncl_Acidobacteria_Gp16","0.0001105216622458"
"OTU219","Bacteria","Generalists","Armatimonadetes","uncl_Armatimonadetes","uncl_Armatimonadetes","uncl_Armatimonadetes","Armatimonadetes_gp5","0.0002210433244916"
"OTU150","Bacteria","NS","Bacteroidetes","Cytophagia","Cytophagales","Fulvivirgaceae","uncl_Fulvivirgaceae","0.0001105216622458"
"OTU7916","Bacteria","Generalists","Verrucomicrobia","Spartobacteria","uncl_Spartobacteria","uncl_Spartobacteria","Spartobacteria_genera_incertae_sedis","0.0001105216622458"
"OTU96","Bacteria","Specialists","Candidatus_Saccharibacteria","uncl_Candidatus_Saccharibacteria","uncl_Candidatus_Saccharibacteria","uncl_Candidatus_Saccharibacteria","Saccharibacteria_genera_incertae_sedis","0.00585764809902741"
"OTU75201","Bacteria","Generalists","Bacteroidetes","Cytophagia","Cytophagales","Cytophagaceae","Rhodocytophaga","0.0002210433244916"
"OTU5091","Bacteria","Generalists","Proteobacteria","uncl_Proteobacteria","uncl_Proteobacteria","uncl_Proteobacteria","uncl_Proteobacteria","0.0001105216622458"
"OTU818","Bacteria","Generalists","Actinobacteria","Thermoleophilia","Solirubrobacterales","uncl_Solirubrobacterales","uncl_Solirubrobacterales","0.0001105216622458"
"OTU2036","Bacteria","Generalists","Actinobacteria","Actinobacteria","Propionibacteriales","Nocardioidaceae","Nocardioides","0.0001105216622458"
"OTU27","Bacteria","Specialists","Actinobacteria","Actinobacteria","uncl_Actinobacteria","uncl_Actinobacteria","uncl_Actinobacteria","0.000331564986737401"
"OTU9266","Bacteria","Generalists","Proteobacteria","Betaproteobacteria","uncl_Betaproteobacteria","uncl_Betaproteobacteria","uncl_Betaproteobacteria","0.0001105216622458"
"OTU8735","Bacteria","Generalists","Actinobacteria","Thermoleophilia","uncl_Thermoleophilia","uncl_Thermoleophilia","uncl_Thermoleophilia","0.0001105216622458"
"OTU4456","Bacteria","Generalists","Proteobacteria","Deltaproteobacteria","Myxococcales","Polyangiaceae","uncl_Polyangiaceae","0.0002210433244916"
"OTU7942","Bacteria","Specialists","Proteobacteria","Alphaproteobacteria","Sphingomonadales","Sphingomonadaceae","uncl_Sphingomonadaceae","0.000773651635720601"
"OTU263","Bacteria","Generalists","Actinobacteria","Thermoleophilia","uncl_Thermoleophilia","uncl_Thermoleophilia","uncl_Thermoleophilia","0.0001105216622458"
"OTU2732","Bacteria","Generalists","Proteobacteria","Alphaproteobacteria","Rhodospirillales","Acetobacteraceae","Belnapia","0.000331564986737401"
"OTU41446","Bacteria","Specialists","Proteobacteria","Alphaproteobacteria","Rhizobiales","Brucellaceae","uncl_Brucellaceae","0.0012157382847038"
"OTU18668","Bacteria","Generalists","Acidobacteria","uncl_Acidobacteria","uncl_Acidobacteria","uncl_Acidobacteria","uncl_Acidobacteria","0.0001105216622458"
"OTU1051","Bacteria","Generalists","Acidobacteria","Acidobacteria_Gp6","uncl_Acidobacteria_Gp6","uncl_Acidobacteria_Gp6","Gp6","0.0001105216622458"
"OTU8930","Bacteria","Generalists","Proteobacteria","Alphaproteobacteria","Caulobacterales","Caulobacteraceae","Phenylobacterium","0.0002210433244916"
"OTU152","Bacteria","Specialists","Proteobacteria","Gammaproteobacteria","Xanthomonadales","Xanthomonadaceae","Xanthomonas","0.00309460654288241"
"OTU6375","Bacteria","Specialists","Gemmatimonadetes","Longimicrobia","Longimicrobiales","Longimicrobiaceae","Longimicrobium","0.000994694960212202"
"OTU3820","Bacteria","Generalists","Actinobacteria","Actinobacteria","Propionibacteriales","Nocardioidaceae","Nocardioides","0.000442086648983201"
"OTU176","Bacteria","Generalists","Actinobacteria","Actinobacteria","Micrococcales","Microbacteriaceae","Agromyces","0.001105216622458"
"OTU1398","Bacteria","NS","Proteobacteria","Gammaproteobacteria","uncl_Gammaproteobacteria","uncl_Gammaproteobacteria","uncl_Gammaproteobacteria","0.0001105216622458"
"OTU81400","Bacteria","Generalists","Proteobacteria","Alphaproteobacteria","Sphingomonadales","Erythrobacteraceae","uncl_Erythrobacteraceae","0.000331564986737401"
"OTU109","Bacteria","Specialists","Proteobacteria","Gammaproteobacteria","Xanthomonadales","Xanthomonadaceae","uncl_Xanthomonadaceae","0.0001105216622458"
"OTU3102","Bacteria","Generalists","Actinobacteria","Thermoleophilia","uncl_Thermoleophilia","uncl_Thermoleophilia","uncl_Thermoleophilia","0.0001105216622458"
"OTU2021","Bacteria","NS","Bacteroidetes","Cytophagia","Cytophagales","Cytophagaceae","Rhodocytophaga","0.0002210433244916"
"OTU857","Bacteria","Generalists","Acidobacteria","Vicinamibacteria","uncl_Vicinamibacteria","uncl_Vicinamibacteria","uncl_Vicinamibacteria","0.000552608311229001"
"OTU9939","Bacteria","Generalists","Actinobacteria","Thermoleophilia","Solirubrobacterales","uncl_Solirubrobacterales","uncl_Solirubrobacterales","0.0002210433244916"
"OTU1812","Bacteria","NS","Bacteroidetes","Chitinophagia","Chitinophagales","Chitinophagaceae","uncl_Chitinophagaceae","0.000552608311229001"
"OTU1120","Bacteria","NS","Proteobacteria","Betaproteobacteria","Burkholderiales","Oxalobacteraceae","uncl_Oxalobacteraceae","0.000331564986737401"
"OTU5157","Bacteria","Generalists","Acidobacteria","Acidobacteria_Gp17","uncl_Acidobacteria_Gp17","uncl_Acidobacteria_Gp17","Gp17","0.0001105216622458"
"OTU2722","Bacteria","Generalists","Verrucomicrobia","Subdivision3","uncl_Subdivision3","uncl_Subdivision3","Subdivision3_genera_incertae_sedis","0.0001105216622458"
"OTU1025","Bacteria","Generalists","Candidatus_Saccharibacteria","uncl_Candidatus_Saccharibacteria","uncl_Candidatus_Saccharibacteria","uncl_Candidatus_Saccharibacteria","Saccharibacteria_genera_incertae_sedis","0.0001105216622458"
"OTU36751","Bacteria","Generalists","Proteobacteria","Gammaproteobacteria","Gammaproteobacteria_incertae_sedis","uncl_Gammaproteobacteria_incertae_sedis","Acidibacter","0.0001105216622458"
"OTU1353","Bacteria","Specialists","Firmicutes","Bacilli","Bacillales","Paenibacillaceae_1","Paenibacillus","0.0002210433244916"
"OTU32364","Bacteria","NS","Gemmatimonadetes","Longimicrobia","Longimicrobiales","Longimicrobiaceae","Longimicrobium","0.0001105216622458"
"OTU6751","Bacteria","NS","Actinobacteria","Thermoleophilia","Solirubrobacterales","Parviterribacteraceae","Parviterribacter","0.0001105216622458"
"OTU79356","Bacteria","Specialists","Bacteroidetes","Chitinophagia","Chitinophagales","Chitinophagaceae","Chitinophaga","0.0002210433244916"
"OTU10935","Bacteria","NS","Bacteroidetes","Chitinophagia","Chitinophagales","Chitinophagaceae","Segetibacter","0.0001105216622458"
"OTU335","Bacteria","Generalists","Actinobacteria","Actinobacteria","Streptomycetales","Streptomycetaceae","Streptomyces","0.0250884173297966"
"OTU5675","Bacteria","NS","Bacteroidetes","uncl_Bacteroidetes","uncl_Bacteroidetes","uncl_Bacteroidetes","uncl_Bacteroidetes","0.000331564986737401"
"OTU1451","Bacteria","Generalists","Proteobacteria","Betaproteobacteria","Burkholderiales","Comamonadaceae","uncl_Comamonadaceae","0.000663129973474801"
"OTU6549","Bacteria","Generalists","Proteobacteria","Betaproteobacteria","uncl_Betaproteobacteria","uncl_Betaproteobacteria","uncl_Betaproteobacteria","0.000331564986737401"
"OTU20775","Bacteria","NS","Verrucomicrobia","uncl_Verrucomicrobia","uncl_Verrucomicrobia","uncl_Verrucomicrobia","uncl_Verrucomicrobia","0.0001105216622458"
"OTU9000","Bacteria","Generalists","candidate_division_WPS-1","uncl_candidate_division_WPS-1","uncl_candidate_division_WPS-1","uncl_candidate_division_WPS-1","WPS-1_genera_incertae_sedis","0.0001105216622458"
"OTU2512","Bacteria","Generalists","candidate_division_WPS-1","uncl_candidate_division_WPS-1","uncl_candidate_division_WPS-1","uncl_candidate_division_WPS-1","WPS-1_genera_incertae_sedis","0.0001105216622458"
"OTU15337","Bacteria","NS","Acidobacteria","Acidobacteria_Gp4","uncl_Acidobacteria_Gp4","uncl_Acidobacteria_Gp4","Gp4","0.0001105216622458"
"OTU147","Bacteria","Specialists","Proteobacteria","Betaproteobacteria","Burkholderiales","Oxalobacteraceae","Massilia","0.012157382847038"
"OTU207","Bacteria","Generalists","Proteobacteria","Betaproteobacteria","Burkholderiales","uncl_Burkholderiales","uncl_Burkholderiales","0.000552608311229001"
"OTU14631","Bacteria","NS","Acidobacteria","Acidobacteria_Gp10","uncl_Acidobacteria_Gp10","uncl_Acidobacteria_Gp10","Gp10","0.000331564986737401"
"OTU6981","Bacteria","Generalists","Planctomycetes","Planctomycetacia","Planctomycetales","Gemmataceae","uncl_Gemmataceae","0.0001105216622458"
"OTU1030","Bacteria","Generalists","Actinobacteria","uncl_Actinobacteria","uncl_Actinobacteria","uncl_Actinobacteria","uncl_Actinobacteria","0.001105216622458"
"OTU4007","Bacteria","Generalists","Acidobacteria","Acidobacteria_Gp6","uncl_Acidobacteria_Gp6","uncl_Acidobacteria_Gp6","Gp6","0.0001105216622458"
"OTU654","Bacteria","Generalists","Actinobacteria","Actinobacteria","Propionibacteriales","Nocardioidaceae","Nocardioides","0.0001105216622458"
"OTU3679","Bacteria","Generalists","Armatimonadetes","Armatimonadia","Armatimonadales","Armatimonadaceae","Armatimonas/Armatimonadetes_gp1","0.000331564986737401"
"OTU159","Bacteria","Generalists","Actinobacteria","Thermoleophilia","uncl_Thermoleophilia","uncl_Thermoleophilia","uncl_Thermoleophilia","0.0001105216622458"
"OTU12936","Bacteria","NS","Actinobacteria","Thermoleophilia","Solirubrobacterales","uncl_Solirubrobacterales","uncl_Solirubrobacterales","0.0001105216622458"
"OTU5253","Bacteria","Generalists","Acidobacteria","uncl_Acidobacteria","uncl_Acidobacteria","uncl_Acidobacteria","uncl_Acidobacteria","0.0002210433244916"
"OTU23697","Bacteria","Generalists","Proteobacteria","Deltaproteobacteria","Myxococcales","Polyangiaceae","uncl_Polyangiaceae","0.0001105216622458"
"OTU2853","Bacteria","Generalists","Acidobacteria","Acidobacteria_Gp4","uncl_Acidobacteria_Gp4","uncl_Acidobacteria_Gp4","uncl_Acidobacteria_Gp4","0.0001105216622458"
"OTU1307","Bacteria","Generalists","Proteobacteria","Deltaproteobacteria","Myxococcales","Myxococcaceae","uncl_Myxococcaceae","0.0001105216622458"
"OTU86464","Bacteria","NS","Proteobacteria","Betaproteobacteria","Burkholderiales","Comamonadaceae","uncl_Comamonadaceae","0.000331564986737401"
"OTU84","Bacteria","Specialists","Bacteroidetes","Chitinophagia","Chitinophagales","Chitinophagaceae","Chitinophaga","0.0001105216622458"
"OTU1098","Bacteria","Specialists","Proteobacteria","Deltaproteobacteria","Myxococcales","Polyangiaceae","uncl_Polyangiaceae","0.0001105216622458"
"OTU516","Bacteria","Generalists","Proteobacteria","Alphaproteobacteria","Rhizobiales","Methylobacteriaceae","Methylobacterium","0.000663129973474801"
"OTU3485","Bacteria","NS","Proteobacteria","Deltaproteobacteria","Myxococcales","Sandaracinaceae","Sandaracinus","0.0001105216622458"
"OTU2715","Bacteria","Generalists","Verrucomicrobia","Verrucomicrobiae","Verrucomicrobiales","Verrucomicrobiaceae","uncl_Verrucomicrobiaceae","0.0001105216622458"
"OTU3193","Bacteria","Generalists","Actinobacteria","Thermoleophilia","Solirubrobacterales","uncl_Solirubrobacterales","uncl_Solirubrobacterales","0.0002210433244916"
"OTU667","Bacteria","Specialists","Bacteroidetes","Cytophagia","Cytophagales","uncl_Cytophagales","uncl_Cytophagales","0.001657824933687"
"OTU12390","Bacteria","NS","Actinobacteria","Thermoleophilia","Solirubrobacterales","uncl_Solirubrobacterales","uncl_Solirubrobacterales","0.0001105216622458"
"OTU1332","Bacteria","Generalists","Actinobacteria","Thermoleophilia","Solirubrobacterales","uncl_Solirubrobacterales","uncl_Solirubrobacterales","0.0001105216622458"
"OTU2406","Bacteria","Specialists","Bacteroidetes","Cytophagia","Cytophagales","uncl_Cytophagales","uncl_Cytophagales","0.0002210433244916"
"OTU1105","Bacteria","Generalists","Verrucomicrobia","Spartobacteria","uncl_Spartobacteria","uncl_Spartobacteria","Spartobacteria_genera_incertae_sedis","0.000331564986737401"
"OTU2206","Bacteria","Specialists","Bacteroidetes","Sphingobacteriia","Sphingobacteriales","Sphingobacteriaceae","uncl_Sphingobacteriaceae","0.0001105216622458"
"OTU2094","Bacteria","NS","Parcubacteria","uncl_Parcubacteria","uncl_Parcubacteria","uncl_Parcubacteria","Parcubacteria_genera_incertae_sedis","0.0001105216622458"
"OTU66998","Bacteria","NS","Bacteroidetes","Chitinophagia","Chitinophagales","Chitinophagaceae","uncl_Chitinophagaceae","0.000884173297966401"
"OTU6372","Bacteria","NS","Gemmatimonadetes","Gemmatimonadetes","Gemmatimonadales","Gemmatimonadaceae","uncl_Gemmatimonadaceae","0.0001105216622458"
"OTU16196","Bacteria","NS","Proteobacteria","Deltaproteobacteria","Myxococcales","uncl_Myxococcales","uncl_Myxococcales","0.0001105216622458"
"OTU41762","Bacteria","Generalists","Proteobacteria","Alphaproteobacteria","Rhizobiales","uncl_Rhizobiales","uncl_Rhizobiales","0.0001105216622458"
"OTU71768","Bacteria","Generalists","Actinobacteria","Actinobacteria","Micromonosporales","uncl_Micromonosporales","uncl_Micromonosporales","0.0001105216622458"
"OTU1031","Bacteria","Generalists","Acidobacteria","uncl_Acidobacteria","uncl_Acidobacteria","uncl_Acidobacteria","uncl_Acidobacteria","0.0002210433244916"
"OTU58415","Bacteria","Specialists","Bacteroidetes","Cytophagia","Cytophagales","Fulvivirgaceae","Ohtaekwangia","0.0002210433244916"
"OTU788","Bacteria","Generalists","Proteobacteria","Deltaproteobacteria","Myxococcales","uncl_Myxococcales","uncl_Myxococcales","0.0001105216622458"
"OTU327","Bacteria","NS","Actinobacteria","Actinobacteria","Micromonosporales","Micromonosporaceae","uncl_Micromonosporaceae","0.0002210433244916"
"OTU4726","Bacteria","Specialists","Proteobacteria","Alphaproteobacteria","Rhizobiales","uncl_Rhizobiales","uncl_Rhizobiales","0.000331564986737401"
"OTU6907","Bacteria","NS","Acidobacteria","Acidobacteria_Gp4","uncl_Acidobacteria_Gp4","uncl_Acidobacteria_Gp4","Gp4","0.0001105216622458"
"OTU1256","Bacteria","Generalists","Bacteroidetes","Cytophagia","Cytophagales","Fulvivirgaceae","Ohtaekwangia","0.000994694960212202"
"OTU33","Bacteria","Specialists","Firmicutes","Bacilli","Bacillales","Bacillaceae_1","Bacillus","0.0001105216622458"
"OTU274","Bacteria","Generalists","Acidobacteria","Vicinamibacteria","Vicinamibacterales","Vicinamibacteraceae","Vicinamibacter","0.000331564986737401"
"OTU11364","Bacteria","Specialists","Bacteroidetes","Cytophagia","Cytophagales","uncl_Cytophagales","uncl_Cytophagales","0.0002210433244916"
"OTU34006","Bacteria","NS","Acidobacteria","uncl_Acidobacteria","uncl_Acidobacteria","uncl_Acidobacteria","uncl_Acidobacteria","0.0001105216622458"
"OTU2422","Bacteria","Generalists","Acidobacteria","Acidobacteria_Gp3","uncl_Acidobacteria_Gp3","uncl_Acidobacteria_Gp3","Gp3","0.0001105216622458"
"OTU10493","Bacteria","NS","Gemmatimonadetes","Gemmatimonadetes","Gemmatimonadales","uncl_Gemmatimonadales","uncl_Gemmatimonadales","0.0002210433244916"
"OTU22075","Bacteria","NS","Proteobacteria","Betaproteobacteria","Burkholderiales","Oxalobacteraceae","uncl_Oxalobacteraceae","0.0002210433244916"
"OTU3169","Bacteria","NS","Verrucomicrobia","Spartobacteria","uncl_Spartobacteria","uncl_Spartobacteria","Spartobacteria_genera_incertae_sedis","0.000552608311229001"
"OTU982","Bacteria","Specialists","Proteobacteria","Gammaproteobacteria","Nevskiales","Steroidobacteraceae","Steroidobacter","0.00486295313881521"
"OTU1592","Bacteria","NS","Actinobacteria","Actinobacteria","Propionibacteriales","Nocardioidaceae","Nocardioides","0.000331564986737401"
"OTU294","Bacteria","Generalists","Acidobacteria","Acidobacteria_Gp4","uncl_Acidobacteria_Gp4","uncl_Acidobacteria_Gp4","Gp4","0.000442086648983201"
"OTU1939","Bacteria","Specialists","Proteobacteria","Deltaproteobacteria","Myxococcales","uncl_Myxococcales","uncl_Myxococcales","0.0025419982316534"
"OTU5233","Bacteria","Generalists","Bacteroidetes","Cytophagia","Cytophagales","Fulvivirgaceae","Ohtaekwangia","0.0001105216622458"
"OTU1896","Bacteria","Specialists","Bacteroidetes","Chitinophagia","Chitinophagales","Chitinophagaceae","uncl_Chitinophagaceae","0.000442086648983201"
"OTU5753","Bacteria","Generalists","Proteobacteria","Betaproteobacteria","Burkholderiales","Oxalobacteraceae","uncl_Oxalobacteraceae","0.000331564986737401"
"OTU15509","Bacteria","NS","Bacteroidetes","uncl_Bacteroidetes","uncl_Bacteroidetes","uncl_Bacteroidetes","uncl_Bacteroidetes","0.0001105216622458"
"OTU2980","Bacteria","Generalists","Planctomycetes","Planctomycetacia","Planctomycetales","Gemmataceae","uncl_Gemmataceae","0.0001105216622458"
"OTU297","Bacteria","NS","Proteobacteria","Deltaproteobacteria","Myxococcales","uncl_Myxococcales","uncl_Myxococcales","0.000331564986737401"
"OTU4375","Bacteria","Generalists","Acidobacteria","Acidobacteria_Gp7","uncl_Acidobacteria_Gp7","uncl_Acidobacteria_Gp7","Gp7","0.0001105216622458"
"OTU4609","Bacteria","Generalists","Actinobacteria","Actinobacteria","Geodermatophilales","Geodermatophilaceae","Geodermatophilus","0.0001105216622458"
"OTU1739","Bacteria","Generalists","Proteobacteria","Deltaproteobacteria","Bdellovibrionales","Bdellovibrionaceae","Bdellovibrio","0.0001105216622458"
"OTU18255","Bacteria","Generalists","Acidobacteria","Acidobacteria_Gp17","uncl_Acidobacteria_Gp17","uncl_Acidobacteria_Gp17","Gp17","0.0001105216622458"
"OTU380","Bacteria","NS","Proteobacteria","Alphaproteobacteria","Rhizobiales","uncl_Rhizobiales","uncl_Rhizobiales","0.0001105216622458"
"OTU4626","Bacteria","Specialists","Proteobacteria","Deltaproteobacteria","Myxococcales","uncl_Myxococcales","uncl_Myxococcales","0.0001105216622458"
"OTU10120","Bacteria","NS","Gemmatimonadetes","Gemmatimonadetes","Gemmatimonadales","Gemmatimonadaceae","uncl_Gemmatimonadaceae","0.0002210433244916"
"OTU6223","Bacteria","NS","Gemmatimonadetes","Gemmatimonadetes","Gemmatimonadales","Gemmatimonadaceae","uncl_Gemmatimonadaceae","0.0001105216622458"
"OTU4036","Bacteria","Specialists","Acidobacteria","Blastocatellia","Blastocatellales","uncl_Blastocatellales","uncl_Blastocatellales","0.0002210433244916"
"OTU13060","Bacteria","Generalists","Verrucomicrobia","Spartobacteria","uncl_Spartobacteria","uncl_Spartobacteria","Spartobacteria_genera_incertae_sedis","0.0001105216622458"
"OTU47","Bacteria","Generalists","Proteobacteria","Alphaproteobacteria","Rhodospirillales","Reyranellaceae","Reyranella","0.0001105216622458"
"OTU4963","Bacteria","Generalists","Proteobacteria","Alphaproteobacteria","Sphingomonadales","uncl_Sphingomonadales","uncl_Sphingomonadales","0.000552608311229001"
"OTU87607","Bacteria","NS","Proteobacteria","Betaproteobacteria","uncl_Betaproteobacteria","uncl_Betaproteobacteria","uncl_Betaproteobacteria","0.0001105216622458"
"OTU15694","Bacteria","NS","Proteobacteria","Alphaproteobacteria","Rhizobiales","uncl_Rhizobiales","uncl_Rhizobiales","0.0001105216622458"
"OTU1163","Bacteria","Specialists","Bacteroidetes","Cytophagia","Cytophagales","Fulvivirgaceae","uncl_Fulvivirgaceae","0.0002210433244916"
"OTU77554","Bacteria","Specialists","Bacteroidetes","Cytophagia","Cytophagales","Fulvivirgaceae","uncl_Fulvivirgaceae","0.000994694960212202"
"OTU3286","Bacteria","NS","Acidobacteria","Acidobacteria_Gp4","uncl_Acidobacteria_Gp4","uncl_Acidobacteria_Gp4","uncl_Acidobacteria_Gp4","0.0002210433244916"
"OTU491","Bacteria","NS","Bacteroidetes","Chitinophagia","Chitinophagales","Chitinophagaceae","uncl_Chitinophagaceae","0.000442086648983201"
"OTU6426","Bacteria","Generalists","Acidobacteria","Acidobacteria_Gp3","uncl_Acidobacteria_Gp3","uncl_Acidobacteria_Gp3","Gp3","0.0001105216622458"
"OTU3527","Bacteria","NS","Acidobacteria","uncl_Acidobacteria","uncl_Acidobacteria","uncl_Acidobacteria","uncl_Acidobacteria","0.0001105216622458"
"OTU2384","Bacteria","Generalists","Gemmatimonadetes","Gemmatimonadetes","Gemmatimonadales","Gemmatimonadaceae","Roseisolibacter","0.0001105216622458"
"OTU31345","Bacteria","Generalists","Actinobacteria","Thermoleophilia","Solirubrobacterales","Solirubrobacteraceae","uncl_Solirubrobacteraceae","0.0001105216622458"
"OTU17171","Bacteria","NS","Acidobacteria","Acidobacteria_Gp7","uncl_Acidobacteria_Gp7","uncl_Acidobacteria_Gp7","Gp7","0.0001105216622458"
"OTU1946","Bacteria","Specialists","Bacteroidetes","Flavobacteriia","Flavobacteriales","Flavobacteriaceae","Flavobacterium","0.0001105216622458"
"OTU1586","Bacteria","Generalists","Bacteroidetes","Cytophagia","Cytophagales","Fulvivirgaceae","Ohtaekwangia","0.000331564986737401"
"OTU3258","Bacteria","NS","Armatimonadetes","uncl_Armatimonadetes","uncl_Armatimonadetes","uncl_Armatimonadetes","Armatimonadetes_gp5","0.0001105216622458"
"OTU6470","Bacteria","Generalists","Gemmatimonadetes","Gemmatimonadetes","Gemmatimonadales","Gemmatimonadaceae","uncl_Gemmatimonadaceae","0.0002210433244916"
"OTU27106","Bacteria","Generalists","Proteobacteria","Alphaproteobacteria","Rhodospirillales","Acetobacteraceae","uncl_Acetobacteraceae","0.0001105216622458"
"OTU3100","Bacteria","Generalists","Proteobacteria","Betaproteobacteria","uncl_Betaproteobacteria","uncl_Betaproteobacteria","uncl_Betaproteobacteria","0.0001105216622458"
"OTU7420","Bacteria","NS","Actinobacteria","Acidimicrobiia","uncl_Acidimicrobiia","uncl_Acidimicrobiia","uncl_Acidimicrobiia","0.0001105216622458"
"OTU18609","Bacteria","Generalists","Proteobacteria","Betaproteobacteria","Burkholderiales","Comamonadaceae","uncl_Comamonadaceae","0.0001105216622458"
"OTU6988","Bacteria","Generalists","Acidobacteria","Acidobacteria_Gp6","uncl_Acidobacteria_Gp6","uncl_Acidobacteria_Gp6","Gp6","0.0002210433244916"
"OTU2640","Bacteria","NS","Bacteroidetes","uncl_Bacteroidetes","uncl_Bacteroidetes","uncl_Bacteroidetes","uncl_Bacteroidetes","0.000442086648983201"
"OTU11218","Bacteria","Generalists","Proteobacteria","Betaproteobacteria","uncl_Betaproteobacteria","uncl_Betaproteobacteria","uncl_Betaproteobacteria","0.0001105216622458"
"OTU33947","Bacteria","NS","Planctomycetes","Planctomycetacia","uncl_Planctomycetacia","uncl_Planctomycetacia","uncl_Planctomycetacia","0.0001105216622458"
"OTU1292","Bacteria","Generalists","Proteobacteria","Deltaproteobacteria","Myxococcales","Sandaracinaceae","Sandaracinus","0.0001105216622458"
"OTU2184","Bacteria","Generalists","Actinobacteria","uncl_Actinobacteria","uncl_Actinobacteria","uncl_Actinobacteria","uncl_Actinobacteria","0.0001105216622458"
"OTU705","Bacteria","Specialists","Candidatus_Saccharibacteria","uncl_Candidatus_Saccharibacteria","uncl_Candidatus_Saccharibacteria","uncl_Candidatus_Saccharibacteria","Saccharibacteria_genera_incertae_sedis","0.002210433244916"
"OTU5794","Bacteria","Generalists","Proteobacteria","Alphaproteobacteria","Rhizobiales","uncl_Rhizobiales","uncl_Rhizobiales","0.0001105216622458"
"OTU3223","Bacteria","Specialists","Bacteroidetes","Cytophagia","Cytophagales","uncl_Cytophagales","uncl_Cytophagales","0.0001105216622458"
"OTU80339","Bacteria","NS","Gemmatimonadetes","Gemmatimonadetes","Gemmatimonadales","uncl_Gemmatimonadales","uncl_Gemmatimonadales","0.0001105216622458"
"OTU16120","Bacteria","Generalists","Proteobacteria","Deltaproteobacteria","Myxococcales","Labilitrichaceae","Labilithrix","0.0001105216622458"
"OTU23096","Bacteria","NS","Proteobacteria","Betaproteobacteria","Burkholderiales","uncl_Burkholderiales","uncl_Burkholderiales","0.0001105216622458"
"OTU84016","Bacteria","NS","Actinobacteria","Actinobacteria","Micromonosporales","Micromonosporaceae","uncl_Micromonosporaceae","0.0001105216622458"
"OTU34840","Bacteria","NS","Bacteroidetes","Sphingobacteriia","Sphingobacteriales","Sphingobacteriaceae","uncl_Sphingobacteriaceae","0.0001105216622458"
"OTU2884","Bacteria","Generalists","Chloroflexi","uncl_Chloroflexi","uncl_Chloroflexi","uncl_Chloroflexi","uncl_Chloroflexi","0.0001105216622458"
"OTU9197","Bacteria","Generalists","Actinobacteria","Actinobacteria","Propionibacteriales","Nocardioidaceae","Nocardioides","0.0001105216622458"
"OTU6982","Bacteria","Generalists","Candidatus_Saccharibacteria","uncl_Candidatus_Saccharibacteria","uncl_Candidatus_Saccharibacteria","uncl_Candidatus_Saccharibacteria","Saccharibacteria_genera_incertae_sedis","0.0001105216622458"
"OTU2486","Bacteria","NS","Proteobacteria","Deltaproteobacteria","Myxococcales","Nannocystaceae","Nannocystis","0.000331564986737401"
"OTU65048","Bacteria","Generalists","Acidobacteria","Acidobacteria_Gp6","uncl_Acidobacteria_Gp6","uncl_Acidobacteria_Gp6","Gp6","0.0001105216622458"
"OTU1930","Bacteria","Generalists","Proteobacteria","Alphaproteobacteria","Rhodospirillales","Acetobacteraceae","uncl_Acetobacteraceae","0.000331564986737401"
"OTU35110","Bacteria","NS","Proteobacteria","Alphaproteobacteria","Rhizobiales","Methylobacteriaceae","Microvirga","0.0001105216622458"
"OTU3295","Bacteria","Specialists","Bacteroidetes","uncl_Bacteroidetes","uncl_Bacteroidetes","uncl_Bacteroidetes","uncl_Bacteroidetes","0.0001105216622458"
"OTU4683","Bacteria","NS","Actinobacteria","Thermoleophilia","Solirubrobacterales","uncl_Solirubrobacterales","uncl_Solirubrobacterales","0.0001105216622458"
"OTU403","Bacteria","Specialists","Actinobacteria","Actinobacteria","uncl_Actinobacteria","uncl_Actinobacteria","uncl_Actinobacteria","0.0001105216622458"
"OTU169","Bacteria","Generalists","Proteobacteria","Alphaproteobacteria","Rhodospirillales","Azospirillaceae","uncl_Azospirillaceae","0.000331564986737401"
"OTU125","Bacteria","Generalists","Proteobacteria","Alphaproteobacteria","Sphingomonadales","Sphingomonadaceae","Sphingomonas","0.0001105216622458"
"OTU4311","Bacteria","Specialists","Actinobacteria","Actinobacteria","Streptosporangiales","Thermomonosporaceae","Actinomadura","0.0001105216622458"
"OTU6997","Bacteria","NS","Actinobacteria","Thermoleophilia","Solirubrobacterales","Parviterribacteraceae","uncl_Parviterribacteraceae","0.0001105216622458"
"OTU1658","Bacteria","Generalists","Acidobacteria","Acidobacteria_Gp6","uncl_Acidobacteria_Gp6","uncl_Acidobacteria_Gp6","Gp6","0.000331564986737401"
"OTU854","Bacteria","NS","Proteobacteria","Betaproteobacteria","Burkholderiales","Comamonadaceae","Pelomonas","0.0019893899204244"
"OTU4601","Bacteria","Specialists","Proteobacteria","Deltaproteobacteria","Myxococcales","uncl_Myxococcales","uncl_Myxococcales","0.000331564986737401"
"OTU10447","Bacteria","NS","Bacteroidetes","uncl_Bacteroidetes","uncl_Bacteroidetes","uncl_Bacteroidetes","uncl_Bacteroidetes","0.0001105216622458"
"OTU6464","Bacteria","NS","Actinobacteria","uncl_Actinobacteria","uncl_Actinobacteria","uncl_Actinobacteria","uncl_Actinobacteria","0.0002210433244916"
"OTU15393","Bacteria","Generalists","Acidobacteria","Acidobacteria_Gp6","uncl_Acidobacteria_Gp6","uncl_Acidobacteria_Gp6","Gp6","0.0001105216622458"
"OTU16063","Bacteria","Generalists","Actinobacteria","Thermoleophilia","Solirubrobacterales","uncl_Solirubrobacterales","uncl_Solirubrobacterales","0.0001105216622458"
"OTU30757","Bacteria","Generalists","Proteobacteria","Alphaproteobacteria","Rhodospirillales","Rhodospirillaceae","Inquilinus","0.0001105216622458"
"OTU6012","Bacteria","NS","Acidobacteria","Acidobacteria_Gp7","uncl_Acidobacteria_Gp7","uncl_Acidobacteria_Gp7","Gp7","0.0002210433244916"
"OTU2127","Bacteria","NS","Acidobacteria","Acidobacteria_Gp7","uncl_Acidobacteria_Gp7","uncl_Acidobacteria_Gp7","Gp7","0.0001105216622458"
"OTU4617","Bacteria","NS","candidate_division_WPS-1","uncl_candidate_division_WPS-1","uncl_candidate_division_WPS-1","uncl_candidate_division_WPS-1","uncl_candidate_division_WPS-1","0.0001105216622458"
"OTU8540","Bacteria","NS","Chloroflexi","uncl_Chloroflexi","uncl_Chloroflexi","uncl_Chloroflexi","uncl_Chloroflexi","0.0001105216622458"
"OTU37082","Bacteria","NS","Acidobacteria","Blastocatellia","Blastocatellales","Arenimicrobiaceae","Arenimicrobium","0.0001105216622458"
"OTU11255","Bacteria","NS","Actinobacteria","Thermoleophilia","uncl_Thermoleophilia","uncl_Thermoleophilia","uncl_Thermoleophilia","0.0001105216622458"
"OTU3163","Bacteria","Specialists","Bacteroidetes","Cytophagia","Cytophagales","Hymenobacteraceae","Hymenobacter","0.0001105216622458"
"OTU43773","Bacteria","NS","Actinobacteria","Thermoleophilia","uncl_Thermoleophilia","uncl_Thermoleophilia","uncl_Thermoleophilia","0.0001105216622458"
"OTU2148","Bacteria","Generalists","Acidobacteria","Acidobacteria_Gp3","uncl_Acidobacteria_Gp3","uncl_Acidobacteria_Gp3","Gp3","0.0001105216622458"
"OTU2721","Bacteria","Generalists","Acidobacteria","Acidobacteria_Gp6","uncl_Acidobacteria_Gp6","uncl_Acidobacteria_Gp6","Gp6","0.0001105216622458"
"OTU2869","Bacteria","Generalists","Acidobacteria","Acidobacteria_Gp4","uncl_Acidobacteria_Gp4","uncl_Acidobacteria_Gp4","Gp4","0.0001105216622458"
"OTU4120","Bacteria","Generalists","Actinobacteria","Acidimicrobiia","Acidimicrobiales","uncl_Acidimicrobiales","uncl_Acidimicrobiales","0.0001105216622458"
"OTU534","Bacteria","Generalists","Armatimonadetes","Chthonomonadetes","Chthonomonadales","uncl_Chthonomonadales","uncl_Chthonomonadales","0.0002210433244916"
"OTU875","Bacteria","Specialists","Proteobacteria","Betaproteobacteria","Burkholderiales","Oxalobacteraceae","Massilia","0.00386825817860301"
"OTU5264","Bacteria","NS","Verrucomicrobia","Spartobacteria","uncl_Spartobacteria","uncl_Spartobacteria","Spartobacteria_genera_incertae_sedis","0.0001105216622458"
"OTU1422","Bacteria","Specialists","Proteobacteria","Betaproteobacteria","Burkholderiales","Oxalobacteraceae","uncl_Oxalobacteraceae","0.0002210433244916"
"OTU59784","Bacteria","Specialists","Bacteroidetes","uncl_Bacteroidetes","uncl_Bacteroidetes","uncl_Bacteroidetes","uncl_Bacteroidetes","0.000773651635720601"
"OTU1069","Bacteria","Specialists","Proteobacteria","Betaproteobacteria","Burkholderiales","Alcaligenaceae","Bordetella","0.0001105216622458"
"OTU254","Bacteria","Specialists","Proteobacteria","Deltaproteobacteria","Myxococcales","Polyangiaceae","uncl_Polyangiaceae","0.0001105216622458"
"OTU334","Bacteria","Generalists","Bacteroidetes","Cytophagia","uncl_Cytophagia","uncl_Cytophagia","uncl_Cytophagia","0.0001105216622458"
"OTU706","Bacteria","Generalists","Bacteroidetes","uncl_Bacteroidetes","uncl_Bacteroidetes","uncl_Bacteroidetes","uncl_Bacteroidetes","0.00375773651635721"
"OTU13014","Bacteria","Specialists","Proteobacteria","Betaproteobacteria","Burkholderiales","Comamonadaceae","Roseateles","0.002763041556145"
"OTU61163","Bacteria","NS","Proteobacteria","Alphaproteobacteria","Sphingomonadales","Erythrobacteraceae","uncl_Erythrobacteraceae","0.000331564986737401"
"OTU22898","Bacteria","Generalists","Verrucomicrobia","Spartobacteria","uncl_Spartobacteria","uncl_Spartobacteria","Spartobacteria_genera_incertae_sedis","0.0001105216622458"
"OTU1434","Bacteria","NS","Proteobacteria","Betaproteobacteria","Burkholderiales","Oxalobacteraceae","Massilia","0.0001105216622458"
"OTU66702","Bacteria","Specialists","Proteobacteria","Deltaproteobacteria","uncl_Deltaproteobacteria","uncl_Deltaproteobacteria","uncl_Deltaproteobacteria","0.0001105216622458"
"OTU447","Bacteria","Specialists","Proteobacteria","Betaproteobacteria","Burkholderiales","Comamonadaceae","uncl_Comamonadaceae","0.0001105216622458"
"OTU835","Bacteria","Generalists","Proteobacteria","Alphaproteobacteria","Rhizobiales","uncl_Rhizobiales","uncl_Rhizobiales","0.0001105216622458"
"OTU54522","Bacteria","Specialists","Verrucomicrobia","Spartobacteria","uncl_Spartobacteria","uncl_Spartobacteria","Spartobacteria_genera_incertae_sedis","0.0001105216622458"
"OTU44010","Bacteria","NS","Gemmatimonadetes","Gemmatimonadetes","Gemmatimonadales","Gemmatimonadaceae","uncl_Gemmatimonadaceae","0.0001105216622458"
"OTU4881","Bacteria","Generalists","Actinobacteria","Thermoleophilia","Gaiellales","Gaiellaceae","uncl_Gaiellaceae","0.0001105216622458"
"OTU29123","Bacteria","NS","Actinobacteria","Actinobacteria","Streptosporangiales","Streptosporangiaceae","Sphaerisporangium","0.000552608311229001"
"OTU24046","Bacteria","NS","Verrucomicrobia","Spartobacteria","uncl_Spartobacteria","uncl_Spartobacteria","Spartobacteria_genera_incertae_sedis","0.0001105216622458"
"OTU88928","Bacteria","NS","Proteobacteria","Alphaproteobacteria","Rhizobiales","uncl_Rhizobiales","uncl_Rhizobiales","0.0001105216622458"
"OTU2392","Bacteria","Generalists","candidate_division_WPS-1","uncl_candidate_division_WPS-1","uncl_candidate_division_WPS-1","uncl_candidate_division_WPS-1","WPS-1_genera_incertae_sedis","0.0001105216622458"
"OTU2910","Bacteria","NS","Proteobacteria","Deltaproteobacteria","uncl_Deltaproteobacteria","uncl_Deltaproteobacteria","uncl_Deltaproteobacteria","0.0002210433244916"
"OTU3889","Bacteria","Generalists","Bacteroidetes","Chitinophagia","Chitinophagales","Chitinophagaceae","uncl_Chitinophagaceae","0.0001105216622458"
"OTU14305","Bacteria","Generalists","Actinobacteria","Actinobacteria","uncl_Actinobacteria","uncl_Actinobacteria","uncl_Actinobacteria","0.0002210433244916"
"OTU86577","Bacteria","Specialists","Actinobacteria","Actinobacteria","Propionibacteriales","Nocardioidaceae","Nocardioides","0.0002210433244916"
"OTU8580","Bacteria","Specialists","Proteobacteria","Betaproteobacteria","Burkholderiales","uncl_Burkholderiales","uncl_Burkholderiales","0.00607869142351901"
"OTU81713","Bacteria","Specialists","Acidobacteria","Blastocatellia","Blastocatellales","Blastocatellaceae","uncl_Blastocatellaceae","0.0001105216622458"
"OTU844","Bacteria","Generalists","Acidobacteria","Acidobacteria_Gp3","uncl_Acidobacteria_Gp3","uncl_Acidobacteria_Gp3","uncl_Acidobacteria_Gp3","0.0001105216622458"
"OTU102","Bacteria","Specialists","Candidatus_Saccharibacteria","uncl_Candidatus_Saccharibacteria","uncl_Candidatus_Saccharibacteria","uncl_Candidatus_Saccharibacteria","Saccharibacteria_genera_incertae_sedis","0.00386825817860301"
"OTU8144","Bacteria","NS","Gemmatimonadetes","Gemmatimonadetes","Gemmatimonadales","Gemmatimonadaceae","Roseisolibacter","0.0001105216622458"
"OTU2164","Bacteria","Specialists","Proteobacteria","Deltaproteobacteria","Myxococcales","uncl_Myxococcales","uncl_Myxococcales","0.0001105216622458"
"OTU69763","Bacteria","Generalists","Actinobacteria","Thermoleophilia","Solirubrobacterales","Solirubrobacteraceae","uncl_Solirubrobacteraceae","0.0001105216622458"
"OTU1987","Bacteria","Generalists","Proteobacteria","Alphaproteobacteria","Rhodospirillales","Acetobacteraceae","uncl_Acetobacteraceae","0.0001105216622458"
"OTU39853","Bacteria","Specialists","Proteobacteria","Betaproteobacteria","Burkholderiales","Oxalobacteraceae","Massilia","0.0001105216622458"
"OTU1715","Bacteria","Specialists","Acidobacteria","Acidobacteria_Gp3","uncl_Acidobacteria_Gp3","uncl_Acidobacteria_Gp3","Gp3","0.000663129973474801"
"OTU304","Bacteria","Specialists","Bacteroidetes","Chitinophagia","Chitinophagales","Chitinophagaceae","Taibaiella","0.0013262599469496"
"OTU723","Bacteria","Specialists","Bacteroidetes","uncl_Bacteroidetes","uncl_Bacteroidetes","uncl_Bacteroidetes","uncl_Bacteroidetes","0.0015473032714412"
"OTU35690","Bacteria","Specialists","Bacteroidetes","Chitinophagia","Chitinophagales","Chitinophagaceae","Chitinophaga","0.000331564986737401"
"OTU9306","Bacteria","NS","Proteobacteria","Gammaproteobacteria","Xanthomonadales","Xanthomonadaceae","Lysobacter","0.0001105216622458"
"OTU13088","Bacteria","Generalists","Proteobacteria","Alphaproteobacteria","Rhizobiales","uncl_Rhizobiales","uncl_Rhizobiales","0.0001105216622458"
"OTU12219","Bacteria","NS","Gemmatimonadetes","Gemmatimonadetes","Gemmatimonadales","Gemmatimonadaceae","uncl_Gemmatimonadaceae","0.0001105216622458"
"OTU43596","Bacteria","NS","Proteobacteria","Betaproteobacteria","uncl_Betaproteobacteria","uncl_Betaproteobacteria","uncl_Betaproteobacteria","0.0001105216622458"
"OTU129","Bacteria","Specialists","Candidatus_Saccharibacteria","uncl_Candidatus_Saccharibacteria","uncl_Candidatus_Saccharibacteria","uncl_Candidatus_Saccharibacteria","Saccharibacteria_genera_incertae_sedis","0.0002210433244916"
"OTU18135","Bacteria","NS","Bacteroidetes","Cytophagia","uncl_Cytophagia","uncl_Cytophagia","uncl_Cytophagia","0.0001105216622458"
"OTU955","Bacteria","Generalists","Actinobacteria","Thermoleophilia","Solirubrobacterales","uncl_Solirubrobacterales","uncl_Solirubrobacterales","0.0001105216622458"
"OTU58188","Bacteria","NS","Actinobacteria","Actinobacteria","Pseudonocardiales","Pseudonocardiaceae","Saccharothrix","0.0001105216622458"
"OTU3005","Bacteria","Generalists","Proteobacteria","Betaproteobacteria","Burkholderiales","Comamonadaceae","uncl_Comamonadaceae","0.0001105216622458"
"OTU2564","Bacteria","Generalists","Acidobacteria","Acidobacteria_Gp6","uncl_Acidobacteria_Gp6","uncl_Acidobacteria_Gp6","Gp6","0.0001105216622458"
"OTU2342","Bacteria","Specialists","Bacteroidetes","Cytophagia","Cytophagales","uncl_Cytophagales","uncl_Cytophagales","0.001105216622458"
"OTU3182","Bacteria","NS","Gemmatimonadetes","Gemmatimonadetes","Gemmatimonadales","Gemmatimonadaceae","Roseisolibacter","0.0002210433244916"
"OTU75","Bacteria","Specialists","Proteobacteria","Alphaproteobacteria","Rhizobiales","Rhizobiaceae","uncl_Rhizobiaceae","0.0001105216622458"
"OTU5467","Bacteria","Generalists","Acidobacteria","Blastocatellia","uncl_Blastocatellia","uncl_Blastocatellia","uncl_Blastocatellia","0.000663129973474801"
"OTU65557","Bacteria","NS","Proteobacteria","Betaproteobacteria","Burkholderiales","Comamonadaceae","uncl_Comamonadaceae","0.0001105216622458"
"OTU2504","Bacteria","Specialists","Bacteroidetes","Chitinophagia","Chitinophagales","Chitinophagaceae","uncl_Chitinophagaceae","0.001105216622458"
"OTU8426","Bacteria","Specialists","Bacteroidetes","Sphingobacteriia","Sphingobacteriales","Sphingobacteriaceae","uncl_Sphingobacteriaceae","0.0001105216622458"
"OTU19519","Bacteria","NS","Proteobacteria","Deltaproteobacteria","Myxococcales","Polyangiaceae","uncl_Polyangiaceae","0.0002210433244916"
"OTU77923","Bacteria","Specialists","Proteobacteria","Alphaproteobacteria","Caulobacterales","uncl_Caulobacterales","uncl_Caulobacterales","0.0013262599469496"
"OTU12058","Bacteria","NS","Bacteroidetes","Chitinophagia","Chitinophagales","Chitinophagaceae","uncl_Chitinophagaceae","0.0001105216622458"
"OTU4865","Bacteria","NS","Proteobacteria","Deltaproteobacteria","Myxococcales","uncl_Myxococcales","uncl_Myxococcales","0.000442086648983201"
"OTU9492","Bacteria","NS","Acidobacteria","Acidobacteria_Gp6","uncl_Acidobacteria_Gp6","uncl_Acidobacteria_Gp6","uncl_Acidobacteria_Gp6","0.0001105216622458"
"OTU22721","Bacteria","Specialists","Acidobacteria","uncl_Acidobacteria","uncl_Acidobacteria","uncl_Acidobacteria","uncl_Acidobacteria","0.0001105216622458"
"OTU1544","Bacteria","NS","Bacteroidetes","Chitinophagia","Chitinophagales","Chitinophagaceae","uncl_Chitinophagaceae","0.0001105216622458"
"OTU5570","Bacteria","NS","Proteobacteria","Deltaproteobacteria","Myxococcales","uncl_Myxococcales","uncl_Myxococcales","0.0001105216622458"
"OTU5793","Bacteria","NS","Gemmatimonadetes","Gemmatimonadetes","Gemmatimonadales","Gemmatimonadaceae","uncl_Gemmatimonadaceae","0.000442086648983201"
"OTU90712","Bacteria","NS","Gemmatimonadetes","Gemmatimonadetes","Gemmatimonadales","Gemmatimonadaceae","uncl_Gemmatimonadaceae","0.0001105216622458"
"OTU4489","Bacteria","Specialists","Proteobacteria","Alphaproteobacteria","Rhizobiales","uncl_Rhizobiales","uncl_Rhizobiales","0.0001105216622458"
"OTU1743","Bacteria","Specialists","Actinobacteria","Actinobacteria","Streptosporangiales","Thermomonosporaceae","uncl_Thermomonosporaceae","0.0001105216622458"
"OTU4880","Bacteria","NS","Actinobacteria","uncl_Actinobacteria","uncl_Actinobacteria","uncl_Actinobacteria","uncl_Actinobacteria","0.0001105216622458"
"OTU23750","Bacteria","NS","Armatimonadetes","uncl_Armatimonadetes","uncl_Armatimonadetes","uncl_Armatimonadetes","Armatimonadetes_gp4","0.0001105216622458"
"OTU657","Bacteria","Generalists","Proteobacteria","Deltaproteobacteria","uncl_Deltaproteobacteria","uncl_Deltaproteobacteria","uncl_Deltaproteobacteria","0.0001105216622458"
"OTU1916","Bacteria","Specialists","Actinobacteria","Actinobacteria","Streptosporangiales","Thermomonosporaceae","uncl_Thermomonosporaceae","0.0013262599469496"
"OTU40228","Bacteria","NS","Gemmatimonadetes","Gemmatimonadetes","Gemmatimonadales","Gemmatimonadaceae","uncl_Gemmatimonadaceae","0.0001105216622458"
"OTU1354","Bacteria","Specialists","Actinobacteria","uncl_Actinobacteria","uncl_Actinobacteria","uncl_Actinobacteria","uncl_Actinobacteria","0.0002210433244916"
"OTU67275","Bacteria","NS","Proteobacteria","Alphaproteobacteria","Caulobacterales","Caulobacteraceae","Phenylobacterium","0.0001105216622458"
"OTU3695","Bacteria","Specialists","Bacteroidetes","Cytophagia","Cytophagales","uncl_Cytophagales","uncl_Cytophagales","0.0001105216622458"
"OTU4295","Bacteria","Generalists","Bacteroidetes","Chitinophagia","Chitinophagales","Chitinophagaceae","uncl_Chitinophagaceae","0.0001105216622458"
"OTU3641","Bacteria","Specialists","Actinobacteria","Actinobacteria","Micromonosporales","uncl_Micromonosporales","uncl_Micromonosporales","0.000331564986737401"
"OTU21940","Bacteria","Specialists","Acidobacteria","uncl_Acidobacteria","uncl_Acidobacteria","uncl_Acidobacteria","uncl_Acidobacteria","0.0001105216622458"
"OTU5443","Bacteria","Specialists","Actinobacteria","Actinobacteria","Pseudonocardiales","Pseudonocardiaceae","uncl_Pseudonocardiaceae","0.000442086648983201"
"OTU10050","Bacteria","Specialists","Acidobacteria","Acidobacteria_Gp3","uncl_Acidobacteria_Gp3","uncl_Acidobacteria_Gp3","Gp3","0.0002210433244916"
"OTU406","Bacteria","Specialists","Bacteroidetes","Cytophagia","Cytophagales","uncl_Cytophagales","uncl_Cytophagales","0.0001105216622458"
"OTU42554","Bacteria","NS","Planctomycetes","Planctomycetacia","Planctomycetales","Gemmataceae","Gemmata","0.0001105216622458"
"OTU50138","Bacteria","Specialists","Proteobacteria","Betaproteobacteria","Burkholderiales","Comamonadaceae","uncl_Comamonadaceae","0.0001105216622458"
"OTU1366","Bacteria","NS","Bacteroidetes","Flavobacteriia","Flavobacteriales","Flavobacteriaceae","Flavobacterium","0.000884173297966401"
"OTU7272","Bacteria","NS","Proteobacteria","Betaproteobacteria","Burkholderiales","uncl_Burkholderiales","uncl_Burkholderiales","0.0001105216622458"
"OTU5876","Bacteria","NS","Proteobacteria","Deltaproteobacteria","Myxococcales","Nannocystaceae","Nannocystis","0.0001105216622458"
"OTU12215","Bacteria","NS","Acidobacteria","Acidobacteria_Gp7","uncl_Acidobacteria_Gp7","uncl_Acidobacteria_Gp7","Gp7","0.0002210433244916"
"OTU3939","Bacteria","NS","Proteobacteria","Deltaproteobacteria","Myxococcales","uncl_Myxococcales","uncl_Myxococcales","0.0001105216622458"
"OTU1952","Bacteria","Specialists","Actinobacteria","Actinobacteria","Micromonosporales","Micromonosporaceae","uncl_Micromonosporaceae","0.000331564986737401"
"OTU396","Bacteria","Specialists","Acidobacteria","Acidobacteria_Gp3","uncl_Acidobacteria_Gp3","uncl_Acidobacteria_Gp3","Gp3","0.000773651635720601"
"OTU4630","Bacteria","NS","Actinobacteria","Actinobacteria","Propionibacteriales","Nocardioidaceae","Nocardioides","0.0002210433244916"
"OTU60741","Bacteria","Specialists","Bacteroidetes","Cytophagia","Cytophagales","Fulvivirgaceae","uncl_Fulvivirgaceae","0.000442086648983201"
"OTU336","Bacteria","Specialists","Proteobacteria","Alphaproteobacteria","Rhodospirillales","Azospirillaceae","uncl_Azospirillaceae","0.0001105216622458"
"OTU80078","Bacteria","NS","Proteobacteria","Deltaproteobacteria","uncl_Deltaproteobacteria","uncl_Deltaproteobacteria","uncl_Deltaproteobacteria","0.0001105216622458"
"OTU18546","Bacteria","NS","Proteobacteria","Deltaproteobacteria","uncl_Deltaproteobacteria","uncl_Deltaproteobacteria","uncl_Deltaproteobacteria","0.0001105216622458"
"OTU7372","Bacteria","NS","Actinobacteria","uncl_Actinobacteria","uncl_Actinobacteria","uncl_Actinobacteria","uncl_Actinobacteria","0.0001105216622458"
"OTU13030","Bacteria","NS","Bacteroidetes","Chitinophagia","Chitinophagales","Chitinophagaceae","Paracnuella","0.0001105216622458"
"OTU15737","Bacteria","NS","Armatimonadetes","uncl_Armatimonadetes","uncl_Armatimonadetes","uncl_Armatimonadetes","Armatimonadetes_gp4","0.0001105216622458"
"OTU13969","Bacteria","Specialists","Gemmatimonadetes","Longimicrobia","uncl_Longimicrobia","uncl_Longimicrobia","uncl_Longimicrobia","0.0001105216622458"
"OTU9664","Bacteria","Generalists","Proteobacteria","Deltaproteobacteria","uncl_Deltaproteobacteria","uncl_Deltaproteobacteria","uncl_Deltaproteobacteria","0.0002210433244916"
"OTU11948","Bacteria","NS","Acidobacteria","Acidobacteria_Gp3","uncl_Acidobacteria_Gp3","uncl_Acidobacteria_Gp3","uncl_Acidobacteria_Gp3","0.0001105216622458"
"OTU7870","Bacteria","NS","Proteobacteria","Deltaproteobacteria","uncl_Deltaproteobacteria","uncl_Deltaproteobacteria","uncl_Deltaproteobacteria","0.0001105216622458"
"OTU27191","Bacteria","NS","Acidobacteria","Acidobacteria_Gp16","uncl_Acidobacteria_Gp16","uncl_Acidobacteria_Gp16","Gp16","0.0001105216622458"
"OTU2972","Bacteria","Specialists","Acidobacteria","Acidobacteria_Gp4","uncl_Acidobacteria_Gp4","uncl_Acidobacteria_Gp4","Gp4","0.0002210433244916"
"OTU42978","Bacteria","NS","Planctomycetes","Planctomycetacia","Planctomycetales","uncl_Planctomycetales","uncl_Planctomycetales","0.0001105216622458"
"OTU58093","Bacteria","NS","Armatimonadetes","uncl_Armatimonadetes","uncl_Armatimonadetes","uncl_Armatimonadetes","uncl_Armatimonadetes","0.0001105216622458"
"OTU72868","Bacteria","NS","Proteobacteria","Oligoflexia","Bacteriovoracales","Bacteriovoracaceae","Peredibacter","0.0001105216622458"
